3.89312977099,5.48091603053,-2.07633587786,0.080810546875,0.24365234375,-1.05224609375,0
-1.03816793893,41.5114503817,-23.0534351145,0.177978515625,0.074951171875,-1.1962890625,0
-57.2213740458,47.7022900763,-52.5114503817,0.371337890625,-0.0703125,-0.992919921875,0
-122.961832061,21.1679389313,-54.0,0.2919921875,0.508056640625,-0.733642578125,0
-96.0763358779,30.5954198473,-29.427480916,0.254638671875,0.798828125,-0.374267578125,0
-51.8702290076,16.3435114504,-27.1908396947,0.232421875,0.86865234375,-0.1630859375,0
-23.2519083969,64.3893129771,-36.6183206107,0.069580078125,0.76171875,0.16259765625,0
-17.8473282443,-2.6641221374,-91.3740458015,-0.294677734375,1.09765625,0.244384765625,0
31.3511450382,57.6564885496,-14.106870229,-0.227294921875,0.681396484375,0.141845703125,0
10.9465648855,29.7404580153,-2.7786259542,-0.482421875,0.8056640625,0.10595703125,0
-6.2213740458,13.1374045802,-6.90839694656,-0.459228515625,0.872314453125,0.055908203125,0
68.0763358779,-0.12213740458,14.0839694656,-0.53955078125,0.987548828125,0.10791015625,0
74.1832061069,7.91603053435,57.6030534351,-0.517333984375,1.15185546875,0.0908203125,0
171.511450382,36.8625954198,64.3740458015,-0.253173828125,0.7919921875,-0.381591796875,0
77.8167938931,7.96183206107,44.0687022901,0.06884765625,0.281982421875,-0.9677734375,0
-34.0687022901,-54.0152671756,79.786259542,-0.19873046875,0.3671875,-0.682861328125,0
39.7786259542,-116.183206107,94.8625954198,-0.3037109375,0.359130859375,-0.7392578125,0
46.1297709924,-66.2671755725,91.2595419847,-0.286865234375,0.198486328125,-0.900390625,0
128.282442748,1.89312977099,59.0,-0.297607421875,-0.002197265625,-1.2578125,0
75.358778626,112.778625954,14.1450381679,-0.046630859375,-0.44384765625,-0.95068359375,0
13.0610687023,9.09923664122,26.3435114504,-0.072509765625,-0.18701171875,-0.999267578125,0
10.679389313,9.03816793893,0.106870229008,-0.111083984375,-0.12158203125,-1.00561523438,0
9.96183206107,-0.847328244275,-4.67175572519,-0.12060546875,-0.12353515625,-1.00561523438,0
75.4809160305,119.091603053,13.4503816794,0.3818359375,-0.259521484375,-1.06713867188,0
30.1679389313,59.7480916031,-10.358778626,0.1630859375,-0.384765625,-0.975341796875,0
-22.7175572519,13.6488549618,-5.35877862595,0.460205078125,-0.107666015625,-0.896728515625,0
1.58015267176,3.74045801527,-3.78625954198,0.33154296875,-0.19189453125,-0.955322265625,0
3.58778625954,1.28244274809,-1.61832061069,0.305908203125,-0.198486328125,-0.971435546875,0
-0.519083969466,1.93129770992,-0.87786259542,0.31689453125,-0.17724609375,-0.970458984375,0
0.343511450382,0.198473282443,-1.3358778626,0.302734375,-0.18994140625,-0.966064453125,0
1.99236641221,-0.427480916031,-1.60305343511,0.307861328125,-0.2021484375,-0.967529296875,0
-2.17557251908,-2.69465648855,-2.69465648855,0.3115234375,-0.187744140625,-0.970458984375,0
20.9770992366,-27.5954198473,-15.3740458015,0.153564453125,-0.203125,-0.931884765625,0
126.389312977,60.9389312977,23.465648855,0.345703125,-0.394287109375,-0.648681640625,0
-31.4503816794,-16.6870229008,-8.31297709924,0.440673828125,-0.590087890625,-0.723876953125,0
-2.57251908397,-4.00763358779,-3.29770992366,0.391357421875,-0.53564453125,-0.781982421875,0
60.7175572519,14.679389313,4.92366412214,0.404296875,-0.5771484375,-0.84375,0
26.7251908397,10.427480916,1.85496183206,0.449462890625,-0.742919921875,-0.646240234375,0
84.2748091603,29.534351145,-9.07633587786,0.517578125,-0.782958984375,-0.33154296875,0
38.9389312977,18.4122137405,-0.75572519084,0.510986328125,-0.821533203125,-0.27880859375,0
36.320610687,19.3740458015,2.29007633588,0.583740234375,-0.915771484375,-0.14306640625,0
23.6946564885,14.4580152672,0.0992366412214,0.529541015625,-0.803955078125,0.031494140625,0
7.64885496183,-0.824427480916,-0.152671755725,0.5166015625,-0.849365234375,0.05029296875,0
49.2366412214,22.7328244275,8.00763358779,0.50732421875,-0.837646484375,0.14697265625,0
69.3893129771,27.4580152672,1.85496183206,0.46728515625,-0.801025390625,0.443603515625,0
46.9389312977,23.2671755725,-0.541984732824,0.391845703125,-0.676025390625,0.690185546875,0
2.6641221374,-2.08396946565,-0.763358778626,0.403564453125,-0.637451171875,0.6923828125,0
12.0992366412,9.03053435115,-2.2213740458,0.36572265625,-0.627197265625,0.697265625,0
-6.0534351145,1.25190839695,-1.32061068702,0.378662109375,-0.5595703125,0.759033203125,0
19.5801526718,2.79389312977,5.56488549618,0.450439453125,-0.61474609375,0.829833984375,0
52.8778625954,26.1297709924,5.6641221374,0.355712890625,-0.5400390625,0.831787109375,0
5.29770992366,6.13740458015,7.25954198473,0.3134765625,-0.33837890625,0.9501953125,0
-2.0,-3.08396946565,5.61832061069,0.287353515625,-0.2734375,0.95703125,0
-3.07633587786,4.69465648855,-2.25954198473,0.23095703125,-0.320068359375,0.957275390625,0
8.03053435115,6.98473282443,-1.96946564885,0.235107421875,-0.3251953125,0.94287109375,0
5.28244274809,5.90076335878,-1.83969465649,0.203369140625,-0.27490234375,0.96630859375,0
6.59541984733,1.67938931298,-4.79389312977,0.2177734375,-0.236083984375,0.9853515625,0
-4.64122137405,13.9694656489,9.57251908397,0.18310546875,-0.279052734375,0.9755859375,0
-20.8625954198,30.8091603053,28.4809160305,0.072509765625,-0.382080078125,0.99072265625,0
-0.526717557252,-3.70229007634,-1.12977099237,0.04150390625,-0.371826171875,0.953857421875,0
-13.4427480916,-17.6183206107,-23.3435114504,0.088623046875,-0.41748046875,0.957275390625,0
-29.2061068702,14.2519083969,21.893129771,0.26318359375,-0.40625,0.93505859375,0
-88.5419847328,-39.427480916,-0.12213740458,0.364501953125,-0.659423828125,0.69921875,0
-84.8091603053,-22.7709923664,-18.9236641221,0.49609375,-0.876953125,0.4599609375,0
-83.5572519084,-36.9312977099,-9.40458015267,0.5439453125,-0.933349609375,-0.04736328125,0
-75.4580152672,-38.6183206107,-15.9770992366,0.517822265625,-0.81884765625,-0.325927734375,0
-74.2519083969,-33.5496183206,-14.9389312977,0.46337890625,-0.55712890625,-0.684326171875,0
-11.8396946565,-7.26717557252,-4.62595419847,0.428466796875,-0.470947265625,-0.803955078125,0
-52.1603053435,-22.7404580153,-16.7022900763,0.421630859375,-0.31005859375,-0.909912109375,0
-45.0992366412,-27.5572519084,-21.5190839695,0.30419921875,-0.0791015625,-0.96240234375,0
-31.641221374,-49.6183206107,-26.5572519084,0.16455078125,0.037353515625,-1.07373046875,0
-39.9770992366,-33.3358778626,-18.7404580153,-0.064208984375,0.28271484375,-0.94775390625,0
-53.3893129771,-35.2748091603,-23.2748091603,-0.26318359375,0.4833984375,-0.89697265625,0
-63.5801526718,-31.6335877863,-18.6717557252,-0.391357421875,0.63134765625,-0.7109375,0
-69.0,-28.7404580153,-8.07633587786,-0.397705078125,0.6416015625,-0.484375,0
-30.8549618321,-6.35114503817,-13.0992366412,-0.501953125,0.737548828125,-0.20849609375,0
0.343511450382,-15.2061068702,4.76335877863,-0.516845703125,0.85595703125,-0.10400390625,0
-30.0,-52.0152671756,-3.84732824427,-0.614501953125,0.931884765625,-0.24609375,0
4.98473282443,-4.90839694656,4.59541984733,-0.62353515625,1.01635742188,0.05029296875,0
-13.4351145038,4.95419847328,-6.25190839695,-0.48779296875,0.90966796875,-0.049072265625,0
8.86259541985,-0.0229007633588,1.2213740458,-0.5361328125,0.812744140625,-0.094970703125,0
3.96183206107,-1.48854961832,2.0534351145,-0.527587890625,0.845458984375,-0.073486328125,0
18.7633587786,-5.67938931298,2.27480916031,-0.4453125,0.856201171875,-0.04833984375,0
102.503816794,12.8473282443,-10.534351145,-0.4970703125,1.17529296875,-0.153564453125,0
90.1374045802,23.8702290076,4.17557251908,-0.508056640625,0.61669921875,-0.59326171875,0
121.129770992,31.1297709924,0.458015267176,-0.348388671875,0.228515625,-0.95361328125,0
2.17557251908,3.51908396947,0.702290076336,-0.2783203125,-0.013916015625,-0.9619140625,0
9.90076335878,13.0916030534,1.23664122137,-0.168701171875,-0.121337890625,-1.02661132812,0
6.7786259542,4.59541984733,-1.20610687023,-0.15576171875,-0.103515625,-1.00024414062,0
10.8625954198,16.786259542,-6.65648854962,-0.091552734375,-0.126220703125,-0.96484375,0
5.0,7.49618320611,-6.81679389313,-0.08935546875,-0.13427734375,-0.978515625,0
13.5572519084,10.3053435115,-1.70992366412,-0.031005859375,-0.160888671875,-1.00366210938,0
4.00763358779,1.52671755725,3.40458015267,-0.0556640625,-0.180908203125,-1.00830078125,0
4.64122137405,-1.57251908397,2.7786259542,-0.075927734375,-0.215087890625,-0.994140625,0
4.32061068702,1.17557251908,1.87022900763,-0.03466796875,-0.1953125,-1.01684570312,0
2.10687022901,-5.42748091603,0.152671755725,-0.093017578125,-0.176025390625,-1.01147460938,0
2.18320610687,0.793893129771,-3.6641221374,-0.07958984375,-0.15673828125,-1.0107421875,0
-0.267175572519,1.03053435115,0.0992366412214,-0.024658203125,-0.156982421875,-1.0048828125,0
-15.641221374,-16.2366412214,-8.47328244275,-0.03515625,-0.219970703125,-1.08276367188,0
44.0916030534,9.25954198473,-7.61832061069,-0.155517578125,-0.146728515625,-0.916259765625,0
6.60305343511,0.511450381679,-2.14503816794,-0.061767578125,-0.20458984375,-0.97119140625,0
0.969465648855,-0.473282442748,-0.480916030534,-0.056640625,-0.205078125,-1.0009765625,0
-0.923664122137,-6.35114503817,4.93893129771,-0.059814453125,-0.201904296875,-0.99951171875,0
-22.5877862595,-24.5038167939,8.40458015267,-0.13818359375,-0.063720703125,-0.97119140625,0
35.9541984733,33.9770992366,1.35877862595,-0.060546875,-0.193603515625,-1.07568359375,0
14.7175572519,11.8320610687,-2.75572519084,-0.003662109375,-0.25537109375,-1.00244140625,0
15.2748091603,23.9312977099,0.832061068702,-0.037353515625,-0.2177734375,-0.990234375,0
14.1145038168,21.6488549618,-5.71755725191,0.111328125,-0.3037109375,-0.97119140625,0
13.9083969466,29.9389312977,-8.03816793893,0.134033203125,-0.33154296875,-0.915283203125,0
13.8244274809,42.4732824427,-18.572519084,0.193115234375,-0.4228515625,-0.7978515625,0
-1.36641221374,9.07633587786,-4.54198473282,0.369384765625,-0.46630859375,-0.830810546875,0
6.70992366412,-4.10687022901,1.06870229008,0.430419921875,-0.45849609375,-0.818115234375,0
30.9847328244,-5.61832061069,0.312977099237,0.392822265625,-0.511962890625,-0.810302734375,0
46.6564885496,18.7099236641,11.0839694656,0.40966796875,-0.588134765625,-0.735107421875,0
32.7709923664,1.12977099237,6.90076335878,0.46728515625,-0.864990234375,-0.98876953125,0
75.6488549618,35.8549618321,6.92366412214,0.455078125,-0.845458984375,-0.37353515625,0
58.9236641221,26.9923664122,-1.09160305344,0.412109375,-0.83203125,-0.156005859375,0
3.53435114504,-4.65648854962,-5.27480916031,0.455078125,-0.877197265625,-0.01708984375,0
12.9083969466,-10.5877862595,-8.26717557252,0.500244140625,-0.880859375,0.022216796875,0
10.2290076336,-7.98473282443,-2.51145038168,0.5244140625,-0.869140625,0.077880859375,0
42.7709923664,22.2900763359,-1.62595419847,0.547119140625,-0.82666015625,0.0849609375,0
-17.6259541985,-17.4885496183,-3.68702290076,0.492919921875,-0.850830078125,0.332275390625,0
-14.3358778626,8.67175572519,12.358778626,0.62451171875,-0.889404296875,0.4091796875,0
0.702290076336,4.57251908397,5.35877862595,0.514404296875,-0.863037109375,0.22900390625,0
10.7404580153,9.31297709924,5.67175572519,0.4580078125,-0.904541015625,0.243896484375,0
10.8473282443,6.87786259542,1.85496183206,0.392822265625,-0.888671875,0.246826171875,0
8.84732824427,1.29007633588,5.53435114504,0.388671875,-0.88037109375,0.231201171875,0
10.2366412214,4.1679389313,-0.381679389313,0.39208984375,-0.875244140625,0.280029296875,0
11.7022900763,3.13740458015,-4.09923664122,0.40966796875,-0.8828125,0.29296875,0
7.09923664122,0.335877862595,-3.35114503817,0.412353515625,-0.881591796875,0.30908203125,0
3.14503816794,1.51145038168,-0.603053435115,0.406005859375,-0.885986328125,0.297607421875,0
5.7786259542,0.977099236641,0.435114503817,0.41455078125,-0.881591796875,0.318115234375,0
5.7786259542,2.07633587786,-3.53435114504,0.430908203125,-0.8740234375,0.306640625,0
0.824427480916,-4.76335877863,-12.465648855,0.456298828125,-0.853759765625,0.304443359375,0
-33.7175572519,-18.6183206107,-7.64122137405,0.482421875,-0.862060546875,0.220458984375,0
-33.7175572519,8.54961832061,-20.6641221374,0.4794921875,-0.861328125,0.17041015625,0
-36.3664122137,-18.9389312977,-3.31297709924,0.501953125,-0.854248046875,-0.06982421875,0
-6.39694656489,-3.16030534351,-2.9465648855,0.49169921875,-0.859619140625,-0.152587890625,0
3.64885496183,2.9465648855,-1.20610687023,0.503173828125,-0.864013671875,-0.14697265625,0
-3.20610687023,-4.09160305344,-0.770992366412,0.5009765625,-0.855712890625,-0.164794921875,0
-15.8854961832,-7.58015267176,-1.25190839695,0.5048828125,-0.859619140625,-0.228271484375,0
-23.3282442748,-19.0687022901,-3.75572519084,0.505126953125,-0.845947265625,-0.323486328125,0
-42.6335877863,-34.5801526718,-6.38167938931,0.459228515625,-0.787841796875,-0.476318359375,0
-14.465648855,-9.95419847328,-1.68702290076,0.432861328125,-0.648193359375,-0.65185546875,0
-12.9312977099,-16.4351145038,-5.18320610687,0.4052734375,-0.616943359375,-0.7353515625,0
-37.106870229,-29.6564885496,-11.2442748092,0.35595703125,-0.54345703125,-0.82177734375,0
-45.358778626,-33.9465648855,-13.4809160305,0.240478515625,-0.33203125,-0.93212890625,0
-34.5419847328,-55.1679389313,-21.4809160305,0.09765625,-0.14990234375,-1.0244140625,0
-60.8702290076,-51.0076335878,14.1374045802,-0.1162109375,0.021240234375,-1.07739257812,0
-131.458015267,-82.7251908397,35.9541984733,-0.271728515625,0.335693359375,-0.88720703125,0
-112.595419847,-21.9389312977,-12.4351145038,-0.489990234375,0.64453125,-0.383056640625,0
-15.9160305344,-13.427480916,-1.01526717557,-0.53955078125,0.86572265625,-0.115966796875,0
-5.67938931298,-17.679389313,7.54198473282,-0.476806640625,0.833740234375,-0.140625,0
-28.1832061069,-28.3358778626,10.3740458015,-0.475341796875,0.9267578125,0.059814453125,0
8.25954198473,-2.91603053435,3.19847328244,-0.457275390625,0.86279296875,0.034912109375,0
9.35114503817,0.229007633588,-0.648854961832,-0.462646484375,0.839599609375,0.042724609375,0
63.8167938931,27.6030534351,-30.4122137405,-0.585205078125,0.998291015625,-0.139404296875,0
22.5496183206,59.3664122137,-8.80152671756,-0.7314453125,0.837890625,-0.208251953125,0
10.4045801527,86.9007633588,-17.8549618321,-0.462646484375,0.592529296875,-0.19384765625,0
27.0763358779,44.0,-33.7709923664,-0.423583984375,0.677001953125,-0.405517578125,0
51.0152671756,-10.8396946565,-19.8167938931,-0.463623046875,0.620361328125,-0.5234375,0
84.9923664122,-29.2824427481,-24.9923664122,-0.620849609375,0.359619140625,-0.625732421875,0
103.526717557,-60.5190839695,-20.3511450382,-0.71435546875,-0.02197265625,-0.621337890625,0
67.6870229008,-41.4045801527,-24.6564885496,-0.919677734375,-0.13818359375,-0.48583984375,0
73.4503816794,-32.3969465649,-3.69465648855,-1.0966796875,-0.28271484375,-0.250244140625,0
101.465648855,29.3740458015,30.3053435115,-1.13208007812,-0.243408203125,-0.055419921875,0
36.1832061069,21.7709923664,17.5190839695,-0.72998046875,-0.125244140625,-0.113037109375,0
64.6030534351,51.2213740458,16.2442748092,-0.9306640625,-0.193359375,-0.18359375,0
68.9160305344,32.0763358779,2.97709923664,-0.754638671875,-0.166015625,-0.350341796875,0
77.213740458,-7.41221374046,0.679389312977,-0.91357421875,-0.37451171875,-0.344970703125,0
61.5114503817,33.3511450382,13.6030534351,-0.83203125,-0.3994140625,-0.134521484375,0
40.2595419847,-15.641221374,14.1526717557,-0.74462890625,-0.493408203125,-0.193359375,0
45.6717557252,27.1526717557,-0.358778625954,-0.862060546875,-0.473388671875,-0.30859375,0
85.3129770992,64.465648855,-29.6717557252,-0.8505859375,-0.37890625,-0.111083984375,0
79.9694656489,64.6488549618,39.106870229,-0.843994140625,-0.27587890625,-0.342529296875,0
80.8854961832,33.2442748092,0.748091603053,-0.555908203125,-0.663330078125,-0.18310546875,0
46.8167938931,46.1984732824,-2.97709923664,-0.579833984375,-0.627197265625,-0.381103515625,0
-29.3893129771,-0.12213740458,-0.847328244275,-0.431640625,-1.28295898438,-0.123779296875,0
-142.34351145,-41.9847328244,21.7404580153,-0.939208984375,-0.316162109375,0.0498046875,0
41.8396946565,28.5114503817,45.1603053435,-0.74267578125,-0.425048828125,-0.161865234375,0
37.2290076336,-13.358778626,51.8396946565,-0.738525390625,-0.687255859375,-0.195068359375,0
76.427480916,66.9389312977,-35.7099236641,-0.69384765625,-0.483642578125,-0.109619140625,0
-25.2519083969,-18.0381679389,-20.6641221374,-0.67431640625,-0.533935546875,-0.305908203125,0
67.8396946565,43.0,-30.358778626,-0.662109375,-0.5693359375,-0.281494140625,0
43.5190839695,13.6106870229,35.8702290076,-0.75048828125,-0.556640625,-0.308349609375,0
31.9770992366,21.7709923664,7.03053435115,-0.728515625,-0.6318359375,-0.297119140625,0
10.1450381679,7.53435114504,-14.0610687023,-0.746826171875,-0.4873046875,-0.219970703125,0
32.1450381679,10.9007633588,1.35877862595,-0.783447265625,-0.507080078125,-0.3115234375,0
18.4503816794,-1.84732824427,6.18320610687,-0.796142578125,-0.569580078125,-0.275146484375,0
10.9160305344,11.5267175573,-2.90839694656,-0.7626953125,-0.555908203125,-0.22900390625,0
48.1450381679,40.8702290076,13.6030534351,-0.8369140625,-0.573486328125,-0.09765625,0
31.0687022901,8.80916030534,39.7633587786,-0.66748046875,-0.559326171875,-0.140869140625,0
105.34351145,54.9618320611,3.90076335878,-0.7568359375,-0.602294921875,-0.12744140625,0
64.1526717557,30.9389312977,35.8396946565,-0.79345703125,-0.59375,-0.1484375,0
66.4122137405,32.5496183206,25.465648855,-0.757568359375,-0.616943359375,-0.19287109375,0
50.106870229,56.9007633588,-44.7022900763,-0.855224609375,-0.464111328125,-0.21630859375,0
75.6488549618,31.8778625954,19.3511450382,-0.779541015625,-0.129638671875,-0.276611328125,0
-59.1526717557,-63.8091603053,57.0305343511,-0.786376953125,-0.658447265625,-0.306640625,0
-35.7786259542,7.26717557252,-43.0152671756,-0.76806640625,-0.489501953125,-0.244873046875,0
-35.2442748092,-48.7022900763,-3.68702290076,-0.9287109375,-0.500732421875,-0.343017578125,0
2.41221374046,12.5114503817,-3.98473282443,-0.621826171875,-0.4736328125,-0.47412109375,0
8.82442748092,5.34351145038,0.954198473282,-0.725830078125,-0.436279296875,-0.4755859375,0
30.3282442748,4.0,18.2213740458,-0.70263671875,-0.426025390625,-0.538818359375,0
56.3664122137,8.49618320611,38.1526717557,-0.7275390625,-0.439453125,-0.43701171875,0
188.816793893,55.2748091603,42.8167938931,-0.843994140625,-0.454833984375,-0.183349609375,0
120.664122137,76.0534351145,-0.290076335878,-0.7216796875,-0.53369140625,-0.16162109375,0
74.3816793893,52.4351145038,18.893129771,-0.738525390625,-0.72216796875,-0.133544921875,0
67.8244274809,49.3358778626,17.0916030534,-0.7177734375,-0.614990234375,-0.053955078125,0
72.1832061069,49.5038167939,-9.68702290076,-0.668212890625,-0.67529296875,0.00390625,0
85.3511450382,58.2290076336,-0.763358778626,-0.677978515625,-0.67578125,0.04150390625,0
2.87022900763,15.0687022901,23.7938931298,-0.728759765625,-0.696044921875,0.01220703125,0
24.2977099237,19.2900763359,-8.62595419847,-0.685791015625,-0.663818359375,-0.00732421875,0
66.9618320611,49.2442748092,-5.73282442748,-0.557373046875,-0.591796875,-0.02099609375,0
-33.4885496183,-28.6488549618,-12.320610687,-0.64990234375,-0.644287109375,-0.032470703125,0
-59.0610687023,-53.0610687023,-22.4580152672,-0.578369140625,-0.809326171875,-0.139404296875,0
-66.3893129771,-31.6335877863,32.0,-0.7666015625,-0.529052734375,-0.23046875,0
-11.0458015267,10.5801526718,12.3740458015,-0.792724609375,-0.5869140625,-0.15869140625,0
7.57251908397,0.374045801527,2.49618320611,-0.696044921875,-0.6025390625,-0.203369140625,0
7.45801526718,-4.32061068702,-6.64885496183,-0.709228515625,-0.54638671875,-0.211181640625,0
-10.8854961832,-25.3435114504,10.4732824427,-0.75244140625,-0.609375,-0.287109375,0
-22.1450381679,-13.7709923664,-26.8702290076,-0.6923828125,-0.5732421875,-0.219482421875,0
-43.7175572519,-47.9312977099,-14.3053435115,-0.77490234375,-0.623046875,-0.18603515625,0
-31.3282442748,-33.5496183206,-14.1526717557,-0.7490234375,-0.548828125,-0.084716796875,0
-34.8778625954,-28.6564885496,20.6564885496,-0.828369140625,-0.644775390625,-0.056396484375,0
-29.0152671756,-18.9236641221,-13.1374045802,-0.77490234375,-0.57421875,-0.08642578125,0
-34.2519083969,-16.6946564885,-12.0305343511,-0.77392578125,-0.572021484375,-0.081298828125,0
-40.3358778626,-17.3893129771,-18.4732824427,-0.81298828125,-0.5546875,-0.06494140625,0
-61.9160305344,-33.572519084,-13.8091603053,-0.752685546875,-0.4345703125,-0.1572265625,0
-31.8320610687,-24.5954198473,-10.2748091603,-0.76904296875,-0.623291015625,-0.287841796875,0
-15.2900763359,-0.465648854962,-13.0,-0.6474609375,-0.647216796875,-0.310791015625,0
-42.2977099237,-27.6946564885,-16.4885496183,-0.828857421875,-0.4892578125,-0.33447265625,0
75.7251908397,5.80916030534,-16.7938931298,-0.7978515625,-0.574462890625,-0.332275390625,0
-28.6030534351,-6.01526717557,14.320610687,-0.69140625,-0.591064453125,-0.271240234375,0
-22.0,-8.25190839695,-13.8625954198,-0.79443359375,-0.48095703125,-0.2099609375,0
46.7938931298,18.4732824427,-4.35877862595,-0.75146484375,-0.512939453125,-0.299072265625,0
-4.09160305344,-8.91603053435,3.90839694656,-0.734375,-0.58203125,-0.209228515625,0
-17.8625954198,-23.1603053435,-1.45801526718,-0.779296875,-0.550537109375,-0.14697265625,0
-9.40458015267,-26.7480916031,0.12213740458,-0.775146484375,-0.5693359375,-0.11181640625,0
-11.7557251908,-6.21374045802,-3.07633587786,-0.823974609375,-0.5478515625,-0.118408203125,0
-10.893129771,8.08396946565,-7.03053435115,-0.797119140625,-0.52783203125,-0.091552734375,0
5.45801526718,9.86259541985,-4.11450381679,-0.775390625,-0.541015625,-0.11572265625,0
15.5419847328,21.0229007634,7.0,-0.75048828125,-0.443359375,-0.22802734375,0
29.9007633588,21.0992366412,13.2900763359,-0.75732421875,-0.508056640625,-0.315185546875,0
16.5572519084,9.25190839695,-21.1755725191,-0.756591796875,-0.505615234375,-0.27490234375,0
-20.2061068702,-10.2290076336,-5.88549618321,-0.685791015625,-0.5078125,-0.357666015625,0
-55.9389312977,-41.7022900763,16.8320610687,-0.755859375,-0.548828125,-0.337890625,0
-77.2595419847,-45.2900763359,-39.893129771,-0.877685546875,-0.503662109375,-0.164794921875,0
23.5877862595,12.3969465649,-60.4503816794,-0.77001953125,-0.438720703125,-0.11328125,0
15.0152671756,-21.2824427481,-3.71755725191,-0.718017578125,-0.50439453125,-0.17041015625,0
-3.91603053435,-56.9923664122,28.7022900763,-0.785888671875,-0.603271484375,-0.06787109375,0
-86.0076335878,-31.3664122137,18.8167938931,-0.883056640625,-0.517822265625,-0.03759765625,0
-22.0534351145,33.9312977099,-58.2061068702,-0.800048828125,-0.552001953125,0.0673828125,0
-43.3511450382,-11.2900763359,-33.358778626,-0.78564453125,-0.529541015625,-0.050537109375,0
-49.0687022901,-30.8549618321,19.0916030534,-0.786376953125,-0.56689453125,-0.193359375,0
-21.5038167939,-21.5114503817,35.5648854962,-0.694580078125,-0.537841796875,-0.255859375,0
-52.7557251908,-33.4122137405,-42.2900763359,-0.853515625,-0.549560546875,-0.315185546875,0
-78.8549618321,-11.1908396947,-56.4503816794,-0.82861328125,-0.432373046875,-0.27392578125,0
81.2519083969,41.6183206107,19.3816793893,-0.60986328125,-0.338623046875,-0.21826171875,0
14.2290076336,-15.106870229,72.1755725191,-0.81689453125,-0.462646484375,-0.2763671875,0
-11.7022900763,-13.2366412214,-27.2900763359,-0.7099609375,-0.6328125,-0.25390625,0
-56.0229007634,-45.2366412214,-32.6946564885,-0.7490234375,-0.55908203125,-0.113037109375,0
-142.641221374,-81.5190839695,23.2824427481,-0.84912109375,-0.55517578125,-0.104736328125,0
-57.9770992366,-2.8320610687,-42.2366412214,-0.871337890625,-0.591552734375,0.044921875,0
-54.3053435115,-44.7709923664,-18.2519083969,-0.72265625,-0.514892578125,-0.147216796875,0
-27.9694656489,-41.8549618321,30.7938931298,-0.774658203125,-0.6103515625,-0.1796875,0
26.0381679389,22.2290076336,-18.5572519084,-0.7958984375,-0.530029296875,-0.11474609375,0
-139.267175573,-86.893129771,-28.9923664122,-0.822021484375,-0.58740234375,-0.123291015625,0
-76.9770992366,-39.3435114504,-56.7480916031,-0.74169921875,-0.496337890625,-0.12548828125,0
-49.7786259542,-57.6259541985,-7.2213740458,-0.859619140625,-0.57373046875,-0.221435546875,0
-51.7022900763,-8.38167938931,-9.32061068702,-0.817626953125,-0.422607421875,-0.077392578125,0
-65.6335877863,-50.3358778626,-0.0763358778626,-0.6962890625,-0.49560546875,-0.043701171875,0
-56.0992366412,-71.8473282443,27.4351145038,-0.699951171875,-0.646728515625,-0.18017578125,0
-15.5038167939,11.7480916031,-7.90839694656,-0.79248046875,-0.595947265625,-0.124267578125,0
-14.1603053435,8.34351145038,-30.2519083969,-0.775146484375,-0.546875,-0.00732421875,0
5.70229007634,1.76335877863,-8.82442748092,-0.721923828125,-0.50146484375,-0.108154296875,0
-14.641221374,-25.7709923664,20.9312977099,-0.849365234375,-0.521484375,-0.265869140625,0
-11.3053435115,12.534351145,-27.2366412214,-0.77001953125,-0.49658203125,-0.305419921875,0
-17.106870229,-6.37404580153,17.4351145038,-0.790283203125,-0.548583984375,-0.2734375,0
-17.3740458015,-11.8778625954,2.67938931298,-0.72265625,-0.520751953125,-0.267822265625,0
-2.70992366412,-3.20610687023,-7.6641221374,-0.73681640625,-0.493408203125,-0.2734375,0
7.26717557252,-6.93129770992,3.58015267176,-0.73388671875,-0.513916015625,-0.29443359375,0
18.8473282443,5.83969465649,-0.984732824427,-0.8515625,-0.576171875,-0.291259765625,0
2.97709923664,-9.29007633588,21.5572519084,-0.73291015625,-0.660400390625,-0.3154296875,0
-1.78625954198,8.14503816794,-11.3969465649,-0.803466796875,-0.49853515625,-0.220703125,0
17.7328244275,6.93893129771,20.8625954198,-0.7275390625,-0.541259765625,-0.1640625,0
26.2061068702,6.19083969466,14.5038167939,-0.78466796875,-0.595458984375,-0.242919921875,0
0.0839694656489,7.56488549618,-11.5114503817,-0.76953125,-0.5458984375,-0.20361328125,0
3.80152671756,7.80152671756,-9.74045801527,-0.77001953125,-0.51025390625,-0.191650390625,0
0.030534351145,-11.7022900763,15.1984732824,-0.76220703125,-0.588623046875,-0.2353515625,0
-4.54198473282,2.09160305344,-19.9160305344,-0.775390625,-0.514892578125,-0.234619140625,0
-8.51908396947,-9.17557251908,-15.8549618321,-0.80810546875,-0.47900390625,-0.30126953125,0
17.893129771,-3.24427480916,32.9160305344,-0.755126953125,-0.490478515625,-0.33203125,0
0.69465648855,-5.74045801527,2.82442748092,-0.779541015625,-0.54248046875,-0.29443359375,0
-13.7786259542,-19.0229007634,-19.2748091603,-0.77099609375,-0.520751953125,-0.296630859375,0
-29.6030534351,24.7938931298,-22.8625954198,-0.710205078125,-0.41162109375,-0.2861328125,0
-16.6030534351,-7.14503816794,-10.8473282443,-0.8095703125,-0.501220703125,-0.16064453125,0
24.1374045802,19.4580152672,20.8320610687,-0.81201171875,-0.458740234375,-0.13427734375,0
74.6259541985,11.6946564885,33.0458015267,-0.83447265625,-0.69140625,-0.175537109375,0
57.0381679389,37.0763358779,-4.12977099237,-0.754150390625,-0.595458984375,-0.18798828125,0
23.7328244275,16.9618320611,-4.50381679389,-0.713623046875,-0.517333984375,-0.218994140625,0
23.7709923664,5.59541984733,-15.679389313,-0.72119140625,-0.563232421875,-0.490966796875,0
64.8320610687,16.9007633588,-12.0687022901,-0.7451171875,-0.532470703125,-0.337158203125,0
67.7709923664,45.465648855,6.6106870229,-0.685791015625,-0.600341796875,-0.31591796875,0
113.061068702,64.8167938931,19.7480916031,-0.562255859375,-0.690185546875,-0.160888671875,0
62.1679389313,20.9236641221,-10.8778625954,-0.644775390625,-0.72021484375,-0.14697265625,0
70.0534351145,64.2671755725,-8.11450381679,-0.59228515625,-0.760009765625,-0.030517578125,0
91.6106870229,92.5419847328,-6.13740458015,-0.558349609375,-0.779052734375,0.140625,0
67.9770992366,73.3435114504,13.1297709924,-0.478759765625,-0.77392578125,0.17333984375,0
55.0152671756,57.2213740458,14.1755725191,-0.630615234375,-0.76220703125,0.087646484375,0
-60.7251908397,-13.0687022901,47.213740458,-0.6025390625,-0.908203125,0.05078125,0
-21.5496183206,-29.2900763359,21.0610687023,-0.807373046875,-0.68896484375,0.048095703125,0
-66.8091603053,-66.4351145038,-12.3893129771,-0.845703125,-0.545654296875,-0.0654296875,0
-102.496183206,-57.5114503817,7.28244274809,-0.791748046875,-0.592529296875,-0.057373046875,0
-121.122137405,-72.8854961832,-0.893129770992,-0.785888671875,-0.510498046875,0.034912109375,0
-10.4198473282,9.51145038168,-25.1145038168,-0.815185546875,-0.74755859375,-0.201416015625,0
-86.2671755725,35.8396946565,-29.8015267176,-0.56982421875,-0.766845703125,-0.31689453125,0
-61.2824427481,72.6259541985,-116.671755725,-0.382080078125,-0.8212890625,-0.607177734375,0
-96.9770992366,16.6259541985,-137.045801527,-0.047119140625,-0.48388671875,-0.78662109375,0
-65.106870229,-31.4045801527,-82.0229007634,0.08642578125,-0.081298828125,-0.86669921875,0
1.45801526718,-7.45801526718,-22.0,-0.016845703125,0.020751953125,-1.00463867188,0
22.7175572519,-8.96183206107,-27.3664122137,-0.057373046875,-0.006591796875,-1.033203125,0
205.06870229,59.2061068702,-38.1297709924,-0.1044921875,-0.383544921875,-0.744873046875,0
10.3358778626,24.2595419847,100.198473282,-0.068359375,-0.615234375,-0.8359375,0
-42.2061068702,50.5419847328,71.0,-0.05029296875,-0.822998046875,-0.914794921875,0
-26.572519084,84.4809160305,45.9236641221,-0.242431640625,-0.77001953125,-0.710205078125,0
-10.0152671756,83.9312977099,70.6641221374,0.33544921875,-0.48388671875,-0.9892578125,0
-24.1450381679,17.6717557252,28.4809160305,0.406494140625,-0.359130859375,-0.907958984375,0
13.3740458015,-47.0687022901,-16.5954198473,0.309814453125,-0.218505859375,-1.025390625,0
-26.2748091603,-16.534351145,3.73282442748,-0.05908203125,-0.0947265625,-1.20825195312,0
-18.0992366412,0.664122137405,-29.8854961832,0.005859375,-0.202880859375,-1.08129882812,0
-116.190839695,2.51908396947,-55.9465648855,0.083984375,-0.009765625,-1.14013671875,0
-99.2290076336,17.4427480916,-89.6641221374,0.0126953125,0.409423828125,-0.81298828125,0
-77.0916030534,65.8702290076,-44.9160305344,-0.057861328125,0.813232421875,-0.661865234375,0
-79.5954198473,68.3969465649,-35.7099236641,-0.0654296875,1.03198242188,-0.4404296875,0
-80.2671755725,23.2900763359,-68.0381679389,-0.0283203125,0.9375,0.0625,0
14.3969465649,53.2213740458,-31.3893129771,-0.3720703125,0.898193359375,0.13916015625,0
-3.49618320611,-18.0992366412,-0.732824427481,-0.334228515625,0.8203125,-0.0732421875,0
-10.893129771,57.9694656489,-15.4809160305,-0.41064453125,0.91845703125,-0.090576171875,0
-22.9160305344,71.5038167939,2.54961832061,-0.48779296875,0.83740234375,0.12158203125,0
-50.8625954198,65.9007633588,7.90839694656,-0.6259765625,0.75341796875,0.15771484375,0
-34.4503816794,35.641221374,-9.08396946565,-0.677734375,0.640380859375,0.19677734375,0
2.96183206107,22.9923664122,23.7480916031,-0.498046875,0.81884765625,0.1005859375,0
20.1297709924,-28.3816793893,0.374045801527,-0.661865234375,0.91943359375,0.358154296875,0
46.8091603053,35.2213740458,24.5954198473,-0.38232421875,0.86767578125,0.0,0
20.6183206107,-25.6259541985,8.99236641221,-0.3701171875,1.005859375,0.121826171875,0
36.5877862595,-6.12213740458,24.3969465649,-0.47314453125,0.75537109375,-0.003662109375,0
-22.4503816794,5.14503816794,-2.99236641221,-0.26171875,1.04150390625,-0.000732421875,0
5.85496183206,-21.7404580153,-25.3816793893,-0.410888671875,0.8154296875,-0.06787109375,0
27.1145038168,-6.7786259542,0.717557251908,-0.3408203125,0.81689453125,-0.21728515625,0
-26.3816793893,41.9541984733,-12.358778626,-0.291748046875,0.940185546875,-0.10791015625,0
-37.786259542,-0.961832061069,1.32061068702,-0.369384765625,0.99853515625,0.02294921875,0
-5.64122137405,-18.0610687023,-5.03053435115,-0.44580078125,0.9306640625,0.21240234375,0
25.9694656489,-10.465648855,4.54961832061,-0.271240234375,0.857666015625,0.197021484375,0
9.98473282443,-19.213740458,-14.7328244275,-0.351318359375,0.880859375,0.165771484375,0
17.2519083969,-2.57251908397,18.0152671756,-0.353759765625,0.971923828125,0.0908203125,0
6.07633587786,3.98473282443,1.58015267176,-0.274658203125,0.927978515625,-0.139892578125,0
-18.8015267176,12.3969465649,-11.1603053435,-0.314208984375,0.905517578125,-0.041015625,0
-12.5648854962,19.7938931298,0.984732824427,-0.311279296875,0.956787109375,0.109130859375,0
-23.465648855,43.427480916,27.465648855,-0.3056640625,0.975341796875,0.306884765625,0
-13.427480916,61.1221374046,5.54198473282,-0.24169921875,0.896484375,0.172607421875,0
11.0534351145,5.83969465649,-0.541984732824,-0.112548828125,1.00415039062,0.175537109375,0
9.34351145038,-60.6335877863,29.0687022901,-0.33251953125,1.07055664062,0.1689453125,0
6.11450381679,-29.0916030534,-3.01526717557,-0.3154296875,0.95654296875,-0.078369140625,0
-13.3664122137,40.9312977099,27.6564885496,-0.076416015625,1.1279296875,-0.014404296875,0
17.5954198473,28.9236641221,-4.96183206107,-0.16650390625,1.00561523438,0.11083984375,0
18.0458015267,-28.8778625954,-3.49618320611,-0.150390625,1.04272460938,0.161376953125,0
-10.9770992366,5.65648854962,7.06106870229,-0.094482421875,1.00390625,0.116455078125,0
5.15267175573,11.534351145,-5.19847328244,-0.093505859375,0.9833984375,0.14013671875,0
17.8091603053,-11.0610687023,-8.63358778626,-0.113525390625,0.998046875,0.145751953125,0
13.1221374046,-3.32061068702,9.30534351145,-0.111328125,0.961669921875,0.1083984375,0
-12.4122137405,-14.4580152672,0.885496183206,0.005859375,1.07055664062,0.048828125,0
6.24427480916,-12.2442748092,25.0687022901,0.02734375,1.02197265625,0.014892578125,0
-2.38167938931,-0.839694656489,-8.67175572519,-0.0400390625,1.10131835938,-0.1162109375,0
21.0,-9.1679389313,-18.7328244275,-0.11474609375,0.99951171875,0.02685546875,0
-38.8625954198,7.01526717557,-17.6946564885,-0.187744140625,1.02880859375,0.1826171875,0
7.07633587786,20.5877862595,17.9923664122,-0.172119140625,0.906982421875,0.376708984375,0
39.2824427481,-12.9694656489,35.358778626,0.041259765625,0.99560546875,-0.0146484375,0
40.4732824427,-17.1679389313,40.5572519084,0.1474609375,0.86572265625,-0.0263671875,0
20.0458015267,-14.4198473282,84.7251908397,0.341064453125,0.98974609375,-0.2861328125,0
5.02290076336,-35.3435114504,38.6870229008,0.578369140625,0.751708984375,-0.46630859375,0
33.7404580153,-45.8167938931,36.4961832061,0.613037109375,0.589599609375,-0.51708984375,0
33.8244274809,-70.1297709924,28.9083969466,0.569580078125,0.473876953125,-0.55029296875,0
117.839694656,-108.86259542,14.8854961832,0.215087890625,0.1318359375,-0.83544921875,0
177.992366412,-112.732824427,44.7328244275,-0.397705078125,-0.71240234375,-1.08349609375,0
151.977099237,-12.7404580153,70.1221374046,-0.606689453125,-0.523193359375,-0.45068359375,0
136.007633588,46.8549618321,60.3053435115,-0.8154296875,-0.970703125,-0.325439453125,0
74.6183206107,33.1526717557,5.96183206107,-0.74951171875,-0.64697265625,-0.116943359375,0
2.88549618321,-10.0305343511,-10.7175572519,-0.750732421875,-0.620849609375,-0.132568359375,0
-0.0763358778626,-1.20610687023,-16.8091603053,-0.76171875,-0.5625,-0.10009765625,0
18.2442748092,10.2213740458,4.73282442748,-0.757568359375,-0.616455078125,-0.041259765625,0
11.1450381679,-3.89312977099,7.64885496183,-0.749267578125,-0.625732421875,-0.10498046875,0
-37.641221374,-33.2900763359,21.8549618321,-0.763671875,-0.62255859375,-0.12646484375,0
3.7786259542,23.106870229,-21.6259541985,-0.7822265625,-0.626220703125,-0.014892578125,0
6.34351145038,11.1297709924,-15.3053435115,-0.74658203125,-0.52490234375,-0.0498046875,0
-8.74809160305,-26.7328244275,27.2671755725,-0.760009765625,-0.628173828125,-0.13134765625,0
4.58778625954,12.2595419847,-0.854961832061,-0.800537109375,-0.654296875,-0.1572265625,0
-12.8396946565,4.87022900763,-13.0839694656,-0.740478515625,-0.536865234375,-0.120849609375,0
3.18320610687,-4.14503816794,5.87022900763,-0.7421875,-0.5400390625,-0.11181640625,0
12.786259542,-2.96183206107,18.8320610687,-0.712158203125,-0.57373046875,-0.133056640625,0
11.9770992366,1.59541984733,-16.2900763359,-0.702880859375,-0.56201171875,-0.091064453125,0
1.82442748092,-9.5572519084,-8.52671755725,-0.566650390625,-0.28466796875,-0.831787109375,
-48.4961832061,44.6641221374,-111.030534351,-0.5517578125,-0.574462890625,-0.910400390625,
-72.3893129771,-37.641221374,-136.916030534,-0.447265625,-0.0830078125,-0.726806640625,
98.2824427481,38.9770992366,-85.1603053435,-0.18798828125,-0.423828125,-0.627197265625,
-60.7175572519,-36.0381679389,83.0229007634,-0.189697265625,-0.383056640625,-0.726318359375,
-43.8244274809,12.7404580153,61.465648855,-0.364990234375,-0.435302734375,-0.779296875,
2.93129770992,-13.2366412214,21.4732824427,-0.462890625,-0.146484375,-0.8369140625,
21.8091603053,15.5190839695,23.8778625954,-0.46484375,-0.158935546875,-0.8779296875,
-21.3282442748,-9.67175572519,39.8854961832,-0.478515625,0.102783203125,-0.867431640625,
172.65648855,61.3053435115,52.5038167939,-0.471923828125,-0.0048828125,-0.9482421875,
34.5419847328,-1.01526717557,15.7557251908,-0.435791015625,-0.09912109375,-1.00708007812,
6.20610687023,7.62595419847,-7.38167938931,-0.3046875,-0.18505859375,-0.89501953125,
4.08396946565,14.7328244275,-6.82442748092,-0.338134765625,-0.1611328125,-0.92626953125,
1.24427480916,7.00763358779,3.48854961832,-0.30517578125,-0.155517578125,-0.921875,
8.30534351145,9.73282442748,-9.68702290076,-0.2607421875,-0.332763671875,-0.998046875,
1.71755725191,14.679389313,-13.3282442748,-0.192626953125,-0.24365234375,-0.94921875,
-15.8396946565,10.320610687,-0.0534351145038,-0.23291015625,-0.072509765625,-1.04467773438,
-7.41221374046,11.1526717557,-9.70992366412,-0.2119140625,-0.1201171875,-1.00317382812,
5.57251908397,-17.9541984733,-20.3282442748,-0.3251953125,-0.1806640625,-0.947998046875,
250.129770992,134.374045802,-18.5190839695,-0.26171875,-0.147705078125,-0.486083984375,
-33.7099236641,86.534351145,186.900763359,0.09521484375,-0.7529296875,-0.01416015625,
77.2595419847,-49.6106870229,77.0687022901,-0.6689453125,-0.819091796875,-0.137939453125,
28.106870229,-5.89312977099,18.0687022901,-0.757080078125,-0.48291015625,-0.153076171875,
42.2748091603,2.41221374046,8.35877862595,-0.653076171875,-0.7451171875,0.01611328125,
11.4885496183,0.778625954198,-7.26717557252,-0.6982421875,-0.8359375,0.089599609375,
-18.2442748092,-2.45801526718,2.69465648855,-0.607421875,-0.525146484375,0.01025390625,
21.5419847328,-13.6564885496,-12.5572519084,-0.8134765625,-0.7333984375,0.0185546875,
-29.7328244275,-8.69465648855,-0.63358778626,-0.767822265625,-0.659423828125,0.058837890625,
-30.6106870229,-17.7557251908,3.99236641221,-0.77685546875,-0.567626953125,-0.027587890625,
-19.7557251908,2.73282442748,4.93129770992,-0.802734375,-0.620849609375,-0.01904296875,
-33.2824427481,24.5877862595,-74.427480916,-0.726318359375,-0.913818359375,-0.081298828125,
-121.93129771,2.11450381679,-155.977099237,-0.15625,-1.03100585938,-0.17919921875,
-160.526717557,-125.152671756,-56.320610687,-0.06982421875,-0.27880859375,-0.521728515625,
8.97709923664,27.0610687023,12.5801526718,-0.107177734375,-0.3447265625,-1.02197265625,
-0.801526717557,-9.98473282443,-0.969465648855,-0.183349609375,-0.337646484375,-0.907470703125,
12.7099236641,4.00763358779,-1.7786259542,-0.151123046875,-0.397216796875,-0.88037109375,
48.3969465649,25.9389312977,27.8625954198,-0.57275390625,-0.1748046875,-0.749755859375,
67.7251908397,-118.473282443,157.320610687,-0.3466796875,-0.382568359375,-0.8623046875,
-18.2977099237,-105.236641221,107.519083969,-0.82861328125,-0.75830078125,-0.2939453125,
-32.7633587786,-7.06870229008,-105.229007634,-0.92041015625,-0.7900390625,-0.436767578125,
33.5496183206,48.1221374046,-67.9236641221,-0.774169921875,-0.713623046875,-0.168212890625,
33.0152671756,-13.3511450382,25.0916030534,-0.688232421875,-0.44482421875,-0.13916015625,
-3.97709923664,-58.358778626,89.9618320611,-0.8046875,-0.719482421875,-0.236572265625,
-1.6106870229,11.9083969466,-20.1374045802,-0.75,-0.671875,-0.1982421875,
-35.1450381679,6.8320610687,-57.213740458,-0.796142578125,-0.5986328125,-0.123291015625,
-23.0,-8.25190839695,-10.0458015267,-0.749267578125,-0.53564453125,-0.091552734375,
6.03053435115,-8.0534351145,20.1145038168,-0.78466796875,-0.589599609375,-0.20947265625,
31.0152671756,26.9847328244,2.13740458015,-0.737060546875,-0.5263671875,-0.31640625,
-19.0458015267,-7.39694656489,-4.49618320611,-0.83447265625,-0.44091796875,-0.334716796875,
-25.2442748092,-12.4503816794,19.0839694656,-0.75634765625,-0.425048828125,-0.32568359375,
-8.59541984733,1.63358778626,-14.0,-0.76708984375,-0.459716796875,-0.335205078125,
-8.80916030534,-5.91603053435,-16.5419847328,-0.69287109375,-0.423095703125,-0.333740234375,
-8.65648854962,-12.6564885496,1.35877862595,-0.7568359375,-0.432861328125,-0.325927734375,
15.8167938931,16.4351145038,-10.8549618321,-0.802734375,-0.43017578125,-0.297119140625,
21.3740458015,-5.42748091603,8.83969465649,-0.78173828125,-0.4462890625,-0.307373046875,
11.5496183206,-3.87022900763,-2.96183206107,-0.773681640625,-0.43798828125,-0.303955078125,
0.931297709924,7.57251908397,-10.5419847328,-0.83447265625,-0.462890625,-0.303955078125,
-9.95419847328,-5.30534351145,5.03816793893,-0.78515625,-0.43017578125,-0.310302734375,
-12.0687022901,-9.83969465649,8.39694656489,-0.7880859375,-0.458740234375,-0.3154296875,
-6.0,7.87786259542,-20.8167938931,-0.7705078125,-0.4423828125,-0.3056640625,
-0.63358778626,-4.45038167939,-6.92366412214,-0.775146484375,-0.4130859375,-0.33056640625,
2.96183206107,-9.41984732824,2.47328244275,-0.753173828125,-0.475341796875,-0.32080078125,
-0.24427480916,-4.29007633588,-13.0,-0.767333984375,-0.484619140625,-0.33056640625,
-0.190839694656,9.59541984733,-17.7938931298,-0.74365234375,-0.450927734375,-0.267333984375,
0.549618320611,-19.465648855,6.19847328244,-0.728271484375,-0.463134765625,-0.2685546875,
-22.8778625954,-45.4732824427,14.679389313,-1.28662109375,-0.791015625,-0.382568359375,
-17.8625954198,-4.11450381679,-62.3816793893,-0.821533203125,-0.80517578125,-0.287841796875,
-87.2519083969,-26.9847328244,-79.0687022901,-0.5185546875,-0.832763671875,-0.440673828125,
-117.091603053,-22.5114503817,-95.9160305344,-0.30712890625,-0.650634765625,-0.732177734375,
-163.755725191,-1.84732824427,-5.09160305344,-0.2548828125,-0.171630859375,-0.735595703125,
-25.5190839695,-20.2442748092,57.4961832061,-0.27685546875,-0.080322265625,-1.0107421875,
54.5267175573,61.4351145038,18.6946564885,-0.180908203125,0.22998046875,-0.857666015625,
22.9923664122,6.90839694656,-10.6641221374,-0.119873046875,0.016357421875,-1.05346679688,
-4.69465648855,-0.740458015267,-1.97709923664,-0.0302734375,-0.07861328125,-1.03466796875,
61.6488549618,33.0381679389,3.48091603053,-0.08251953125,-0.003173828125,-1.0146484375,
10.8015267176,5.01526717557,-2.59541984733,-0.034423828125,-0.164794921875,-1.00024414062,
12.1374045802,2.18320610687,-3.58015267176,-0.0244140625,-0.24658203125,-0.993408203125,
5.29770992366,-0.687022900763,-2.27480916031,-0.013916015625,-0.262939453125,-0.995361328125,
2.39694656489,0.534351145038,-1.02290076336,-0.017578125,-0.21875,-0.9765625,
0.12213740458,-1.63358778626,-0.931297709924,0.00439453125,-0.22021484375,-0.99951171875,
-0.480916030534,-1.48091603053,0.75572519084,-0.02587890625,-0.204833984375,-1.02783203125,
-17.2900763359,-6.75572519084,0.18320610687,-0.05859375,-0.109619140625,-1.00610351562,
-44.7328244275,-14.5038167939,0.69465648855,-0.136962890625,0.05078125,-0.990234375,
-26.5114503817,8.64885496183,18.9694656489,-0.10888671875,0.08447265625,-1.03076171875,
-21.0534351145,-17.893129771,22.7328244275,-0.0859375,0.190185546875,-0.97314453125,
-3.88549618321,-11.1145038168,2.93129770992,-0.28076171875,0.256103515625,-0.968017578125,
-20.0763358779,15.4885496183,-1.8320610687,-0.2421875,0.312744140625,-0.94873046875,
-13.9236641221,3.86259541985,-8.84732824427,0.068603515625,0.43603515625,-0.9296875,
22.7022900763,-9.14503816794,-14.9312977099,-0.12841796875,0.426513671875,-0.92431640625,
-8.11450381679,-29.4809160305,-17.534351145,-0.27001953125,0.3046875,-0.954833984375,
-4.63358778626,-26.320610687,-4.90839694656,-0.2998046875,0.301025390625,-0.8740234375,
-14.1679389313,-22.5267175573,-6.98473282443,-0.390869140625,0.40478515625,-0.827392578125,
3.6641221374,-6.38167938931,4.03816793893,-0.4765625,0.379150390625,-0.8076171875,
100.809160305,-9.89312977099,39.1297709924,-0.349609375,0.567626953125,-0.873046875,
-28.4122137405,-17.0152671756,-7.67175572519,-0.34716796875,0.38232421875,-0.850341796875,
-12.7480916031,-9.22900763359,-6.21374045802,-0.462646484375,0.410888671875,-0.79150390625,
1.67938931298,-5.88549618321,-3.3358778626,-0.4951171875,0.434326171875,-0.764404296875,
2.91603053435,-10.5877862595,-2.03053435115,-0.496826171875,0.458251953125,-0.724365234375,
16.0458015267,-21.8473282443,10.3740458015,-0.5615234375,0.43115234375,-0.70556640625,
30.8549618321,-24.4503816794,22.6030534351,-0.52392578125,0.370361328125,-0.697265625,
0.0763358778626,8.70229007634,2.09923664122,-0.03564453125,-0.004638671875,-1.0224609375,1
7.03053435115,-11.6335877863,-5.62595419847,-0.035400390625,-0.0224609375,-1.1318359375,1
5.32824427481,-41.5648854962,-8.06870229008,-0.083251953125,-0.010498046875,-0.898681640625,1
7.39694656489,-28.0458015267,-1.80152671756,-0.201416015625,0.04052734375,-1.20971679688,1
-43.8702290076,110.488549618,-1.67938931298,-0.0166015625,-0.034912109375,-0.888916015625,1
28.8473282443,-74.9923664122,-5.15267175573,-0.0078125,-0.00390625,-0.634033203125,1
-10.1374045802,47.4045801527,-7.69465648855,-0.15966796875,0.0185546875,-1.64453125,1
-4.3893129771,57.8778625954,0.473282442748,0.060546875,-0.079833984375,-0.499755859375,1
58.572519084,-141.763358779,-11.4122137405,-0.14697265625,-0.0732421875,-1.46850585938,1
-40.1297709924,124.503816794,0.916030534351,-0.03857421875,-0.06591796875,-1.03833007812,1
6.57251908397,-10.0,2.39694656489,0.187255859375,-0.014404296875,-0.516357421875,1
38.6717557252,-109.641221374,-1.45801526718,-0.291748046875,-0.117431640625,-1.65063476562,1
-30.427480916,133.328244275,-6.70992366412,-0.025390625,-0.09814453125,-0.939208984375,1
43.3358778626,-97.8854961832,3.53435114504,0.06689453125,-0.0771484375,-0.5947265625,1
10.3129770992,41.3053435115,5.80916030534,-0.111083984375,-0.09423828125,-1.66748046875,1
-32.0610687023,68.8244274809,5.12213740458,0.042236328125,-0.083251953125,-0.515625,1
31.1374045802,-123.908396947,-12.6106870229,-0.090576171875,0.020263671875,-1.20971679688,1
-28.4961832061,112.984732824,4.51145038168,-0.0361328125,-0.025146484375,-1.20971679688,1
14.1908396947,-27.6335877863,6.9465648855,0.084716796875,-0.041015625,-0.572998046875,1
27.2900763359,-58.786259542,-1.12213740458,-0.093994140625,-0.05126953125,-1.66015625,1
-48.0534351145,128.335877863,-8.41221374046,-0.042724609375,-0.099609375,-0.58154296875,1
43.2213740458,-144.824427481,-18.9694656489,-0.04736328125,0.03662109375,-0.979736328125,1
-15.2366412214,67.3969465649,7.23664122137,-0.118408203125,-0.09619140625,-1.33447265625,1
5.08396946565,-1.25954198473,6.77099236641,0.066162109375,-0.0556640625,-0.527587890625,1
24.4885496183,-64.2519083969,3.49618320611,-0.25634765625,-0.07275390625,-1.45654296875,1
-48.320610687,99.9312977099,-4.97709923664,-0.0361328125,-0.138427734375,-0.81494140625,1
44.3282442748,-105.709923664,-5.29770992366,-0.0224609375,0.0224609375,-0.742431640625,1
-12.0763358779,79.4351145038,3.4427480916,-0.12353515625,0.01025390625,-1.3037109375,1
8.6106870229,-8.77099236641,-7.95419847328,-0.031005859375,-0.06640625,-0.670166015625,1
24.2213740458,-43.6106870229,1.41984732824,-0.16650390625,-0.052978515625,-1.3447265625,1
-17.1679389313,55.2213740458,-9.36641221374,-0.05224609375,-0.1123046875,-0.837158203125,1
48.3740458015,-73.5114503817,10.3893129771,-0.1669921875,-0.13427734375,-0.989013671875,1
5.29007633588,39.8702290076,26.0305343511,-0.3046875,-0.16796875,-1.13500976562,1
7.19083969466,-49.641221374,11.213740458,-0.0478515625,-0.002685546875,-0.7001953125,1
11.3129770992,20.1755725191,6.59541984733,-0.330078125,-0.16162109375,-0.951416015625,1
6.16030534351,-41.641221374,-4.84732824427,-1.44287109375,-0.30126953125,-1.2939453125,1
19.2977099237,-30.4885496183,1.39694656489,-0.28173828125,-0.111572265625,-0.799072265625,1
-16.8625954198,25.9923664122,-6.96946564885,-0.254638671875,-0.093017578125,-0.888427734375,1
6.56488549618,23.786259542,-2.80916030534,-0.345947265625,-0.173828125,-0.892333984375,1
-10.8244274809,2.06106870229,0.0610687022901,-0.4384765625,0.005859375,-1.05053710938,1
33.9389312977,-8.34351145038,9.54198473282,-0.4716796875,-0.1708984375,-1.2177734375,1
-4.02290076336,6.41984732824,-2.39694656489,-0.028564453125,-0.037109375,-0.637939453125,1
-14.9923664122,66.1297709924,-7.2213740458,-0.1103515625,-0.041259765625,-0.92724609375,1
3.80916030534,45.213740458,-2.8320610687,-0.262939453125,-0.365234375,-1.10913085938,1
14.3053435115,17.1145038168,6.70992366412,-0.410888671875,-0.22802734375,-1.2314453125,1
49.213740458,-78.7480916031,12.9236641221,-0.319091796875,-0.141357421875,-1.08715820312,1
1.01526717557,-41.5648854962,-4.17557251908,0.06591796875,-0.026123046875,-0.689453125,1
-14.1832061069,20.8854961832,-17.2366412214,-0.057373046875,-0.137451171875,-0.8681640625,1
-35.8778625954,65.6564885496,-28.3358778626,-0.205078125,-0.206298828125,-1.001953125,1
62.8091603053,11.9083969466,17.320610687,-0.391845703125,-0.518310546875,-1.46630859375,1
30.8091603053,-86.5114503817,15.4198473282,-0.0205078125,0.01904296875,-0.6923828125,1
-35.0839694656,46.3893129771,-11.2290076336,-0.06689453125,-0.199951171875,-0.636474609375,1
-25.7633587786,50.2213740458,-23.534351145,-0.239990234375,-0.20068359375,-1.04370117188,1
39.5877862595,-0.106870229008,6.74045801527,-0.4970703125,-0.5107421875,-1.50952148438,1
26.3816793893,-51.0839694656,18.2595419847,-0.014892578125,-0.08251953125,-0.6142578125,1
-38.7251908397,60.3358778626,-11.8702290076,-0.208984375,-0.199951171875,-0.8515625,1
18.7099236641,-2.04580152672,-16.6946564885,-0.266357421875,-0.17431640625,-1.14501953125,1
27.8396946565,-61.2366412214,24.1297709924,-0.115966796875,-0.15380859375,-0.91162109375,1
-18.0763358779,48.0534351145,-3.12977099237,0.00732421875,-0.228271484375,-0.556396484375,1
-24.4198473282,81.679389313,-1.73282442748,-0.088623046875,-0.287353515625,-0.76611328125,1
-6.09923664122,19.3129770992,-7.24427480916,-0.30517578125,-0.42822265625,-1.38012695312,1
74.7709923664,-95.5954198473,16.0839694656,-0.36767578125,-0.508056640625,-1.56811523438,1
-11.5267175573,-49.0992366412,4.03816793893,-0.016845703125,0.015625,-0.469970703125,1
-11.9160305344,32.572519084,-3.90839694656,0.12451171875,-0.1025390625,-0.347412109375,1
-14.2671755725,67.9389312977,-29.6564885496,0.03271484375,-0.22607421875,-0.75927734375,1
-36.0381679389,5.3358778626,-36.8015267176,-0.25390625,-0.44873046875,-1.50537109375,1
-32.8549618321,-40.0992366412,6.01526717557,-0.036376953125,0.0390625,-0.318115234375,1
-20.4122137405,58.3282442748,-15.0610687023,0.015625,-0.205078125,-0.6630859375,1
-11.3053435115,45.320610687,-15.8015267176,-0.252685546875,-0.35986328125,-1.34985351562,1
74.2977099237,-105.381679389,27.0916030534,-0.413818359375,-0.574462890625,-1.603515625,1
-41.2824427481,-27.9618320611,-2.49618320611,0.12890625,-0.07958984375,-0.373046875,1
-9.92366412214,57.0992366412,-8.82442748092,0.046630859375,-0.169921875,-0.646728515625,1
-22.6946564885,52.4732824427,-27.6106870229,-0.145751953125,-0.187744140625,-1.11181640625,1
-8.85496183206,40.1526717557,-3.12213740458,-0.5078125,-0.546142578125,-1.31274414062,1
84.2977099237,-69.4351145038,58.4198473282,-0.6103515625,-0.487548828125,-1.64404296875,1
21.0916030534,-94.1526717557,4.22900763359,-0.09912109375,-0.050537109375,-0.582763671875,1
-7.51908396947,34.1984732824,-6.39694656489,-0.1181640625,-0.02734375,-0.60595703125,1
28.4732824427,-47.3740458015,17.4732824427,-0.31982421875,-0.4755859375,-1.30981445312,1
-11.7175572519,6.13740458015,-7.03053435115,0.0341796875,-0.15966796875,-0.52490234375,1
-24.5801526718,64.9618320611,-31.0534351145,-0.020263671875,-0.150634765625,-0.6572265625,1
-41.2824427481,87.8854961832,-20.320610687,-0.12451171875,-0.18603515625,-0.915771484375,1
-22.3816793893,62.7633587786,-20.7251908397,-0.156494140625,-0.374755859375,-1.24682617188,1
-11.9541984733,12.2442748092,0.885496183206,-0.392578125,-0.356689453125,-1.22119140625,1
87.3969465649,-104.572519084,22.4580152672,-0.689208984375,-0.890625,-1.84130859375,1
2.96946564885,-99.7557251908,-1.85496183206,-0.187255859375,0.046875,-1.056640625,1
-17.6335877863,1.64122137405,0.343511450382,0.235595703125,0.056396484375,-0.34814453125,1
-21.5877862595,58.9694656489,5.27480916031,0.0830078125,-0.0966796875,-0.3515625,1
-8.58015267176,84.7709923664,-6.92366412214,0.060302734375,-0.177734375,-0.749267578125,1
-54.0610687023,80.3664122137,-27.465648855,-0.1181640625,-0.12353515625,-1.18627929688,1
-50.2671755725,74.6641221374,-18.0534351145,-0.177978515625,-0.375244140625,-1.45166015625,1
-12.7251908397,32.1984732824,1.93129770992,-0.40771484375,-0.462890625,-1.32958984375,1
76.213740458,-64.9923664122,10.0992366412,-0.698486328125,-0.645263671875,-1.49658203125,1
11.0763358779,-125.732824427,-8.77099236641,-0.19482421875,0.249755859375,-1.02978515625,1
-46.2061068702,25.5190839695,-4.17557251908,0.2158203125,-0.27880859375,-0.422119140625,1
-34.320610687,90.679389313,-11.4122137405,0.060791015625,-0.17724609375,-0.5673828125,1
-63.8396946565,57.4351145038,-29.0381679389,0.01171875,0.002685546875,-1.23583984375,1
-23.4580152672,20.5038167939,-19.5877862595,-0.349365234375,-0.53564453125,-1.54223632812,1
188.076335878,-145.015267176,24.9541984733,-0.4267578125,-0.5048828125,-1.13427734375,1
-29.0381679389,11.1374045802,-1.30534351145,0.06640625,-0.2421875,-0.3642578125,1
-20.427480916,90.4351145038,-5.48854961832,0.047607421875,-0.098388671875,-0.484375,1
0.625954198473,0.519083969466,-1.6106870229,-0.210205078125,-0.29345703125,-0.9287109375,1
2.03816793893,2.22900763359,-1.90839694656,-0.199951171875,-0.2919921875,-0.952880859375,1
-6.93893129771,0.374045801527,-3.87786259542,-0.201416015625,-0.28759765625,-0.886962890625,1
-12.0687022901,47.0687022901,-9.79389312977,-0.351318359375,-0.29541015625,-1.2236328125,1
-33.5496183206,-5.39694656489,-2.58778625954,-0.75146484375,-0.55419921875,-1.65356445312,1
34.8396946565,-70.0458015267,-2.49618320611,-0.923583984375,-0.610107421875,-1.49926757812,1
193.801526718,-143.93129771,9.95419847328,-0.89453125,-0.944091796875,-1.234375,1
18.7786259542,-156.79389313,-11.0687022901,-0.377685546875,0.19482421875,-0.7080078125,1
-42.320610687,16.572519084,-10.7022900763,-0.083740234375,-0.019775390625,-0.079345703125,1
-61.1374045802,113.832061069,-27.427480916,-0.192626953125,-0.2412109375,-0.231201171875,1
-31.1679389313,105.198473282,-8.93129770992,0.003662109375,-0.1748046875,-1.1884765625,1
-11.0076335878,80.4351145038,-5.41984732824,-0.182861328125,-0.560791015625,-1.74926757812,1
148.763358779,-166.297709924,39.5419847328,-0.569580078125,-0.7392578125,-2.0,1
-33.465648855,-73.7938931298,-8.49618320611,-0.03857421875,0.0439453125,-0.27685546875,1
-27.6259541985,90.8396946565,-5.09923664122,-0.156005859375,-0.193359375,-0.1611328125,1
-34.5419847328,128.572519084,-18.0534351145,0.013916015625,-0.224365234375,-0.799560546875,1
-58.2595419847,71.9541984733,-11.9389312977,-0.232666015625,-0.387939453125,-1.42626953125,1
20.3435114504,-75.0076335878,5.22900763359,-0.7001953125,-0.579833984375,-1.66064453125,1
85.3129770992,-115.099236641,-1.5572519084,-0.568359375,-0.371826171875,-0.910400390625,1
-16.6870229008,-16.8396946565,1.89312977099,-0.16748046875,-0.151611328125,-0.443603515625,1
-20.8549618321,121.664122137,-8.96183206107,-0.176025390625,-0.23583984375,-0.925537109375,1
42.6488549618,-114.27480916,14.9465648855,-0.33837890625,-0.347900390625,-1.5302734375,1
1.13740458015,12.0916030534,-4.45801526718,-0.114013671875,-0.268798828125,-0.59423828125,1
31.8473282443,-8.84732824427,-0.36641221374,-0.47802734375,-0.671142578125,-1.48803710938,1
-27.1297709924,73.7480916031,-4.48091603053,-0.02685546875,-0.180419921875,-0.504150390625,1
75.1908396947,-88.893129771,26.3816793893,-0.542724609375,-0.755126953125,-1.54956054688,1
-9.90076335878,51.4580152672,-0.587786259542,-0.067138671875,-0.201171875,-0.436279296875,1
-23.0,45.8625954198,-33.427480916,-0.252197265625,-0.51025390625,-1.39624023438,1
55.8549618321,-120.435114504,29.4809160305,-0.128173828125,-0.375732421875,-0.985595703125,1
-55.1984732824,81.4961832061,-15.8854961832,-0.199951171875,-0.1708984375,-0.62060546875,1
43.7709923664,-95.1755725191,19.5648854962,-0.403076171875,-0.376953125,-1.44799804688,1
-49.1526717557,140.824427481,-14.1450381679,-0.169921875,-0.238037109375,-0.676513671875,1
51.1526717557,-156.488549618,18.7557251908,-0.177978515625,-0.288818359375,-0.919189453125,1
-26.9389312977,78.9618320611,-14.3435114504,-0.3095703125,-0.455810546875,-1.22436523438,1
3.46564885496,-13.5419847328,13.4885496183,0.030517578125,-0.083984375,-0.432861328125,1
8.20610687023,-28.213740458,1.64885496183,-0.27392578125,-0.35302734375,-1.27270507812,1
-58.4885496183,125.496183206,-15.6564885496,0.04150390625,-0.173583984375,-0.553466796875,1
44.6183206107,-141.473282443,13.7251908397,-0.0771484375,-0.224853515625,-0.6962890625,1
43.9694656489,38.358778626,-8.43511450382,-0.37744140625,-0.630126953125,-1.52368164062,1
-59.9312977099,76.7022900763,-18.8244274809,0.10205078125,-0.162109375,-0.490234375,1
63.8854961832,-135.152671756,16.4885496183,-0.34765625,-0.52587890625,-1.3232421875,1
-9.74045801527,155.106870229,-44.9465648855,-0.380126953125,-0.436767578125,-1.18505859375,1
52.358778626,-129.633587786,26.4351145038,0.204833984375,-0.162109375,-0.51416015625,1
17.3969465649,-69.7175572519,13.0992366412,-0.404052734375,-0.453857421875,-1.28198242188,1
-37.9007633588,154.015267176,-45.2519083969,-0.091552734375,-0.386474609375,-0.786376953125,1
91.9618320611,-161.824427481,41.5419847328,-0.306884765625,-0.061279296875,-0.712646484375,1
5.14503816794,-40.2671755725,5.51145038168,-0.529296875,-0.22509765625,-0.6708984375,1
-46.7022900763,134.160305344,-52.3282442748,-0.16748046875,-0.5322265625,-0.82470703125,1
24.2900763359,-90.8320610687,37.4961832061,0.0341796875,-0.10400390625,-0.613037109375,1
0.748091603053,-56.0229007634,12.2824427481,-0.25244140625,-0.352294921875,-1.12622070312,1
5.86259541985,122.419847328,-74.5419847328,-0.15380859375,-0.595947265625,-0.820068359375,1
-51.6106870229,-54.2061068702,1.43511450382,0.13720703125,-0.31689453125,-0.6796875,1
-152.908396947,-140.389312977,19.9618320611,-0.453369140625,-0.2802734375,-1.19140625,1
-37.6335877863,116.06870229,-61.1908396947,-0.148193359375,-0.5263671875,-1.06030273438,1
-2.62595419847,-9.24427480916,9.35877862595,0.08203125,-0.18798828125,-0.4716796875,1
17.9160305344,-116.877862595,40.9923664122,-0.26025390625,-0.684814453125,-1.27172851562,1
-31.8473282443,74.3969465649,-20.6717557252,-0.35498046875,-0.527587890625,-1.32666015625,1
-41.9236641221,71.5419847328,-22.679389313,0.03759765625,-0.142578125,-0.504150390625,1
33.4732824427,-153.595419847,19.9083969466,-0.359375,-0.17333984375,-1.09057617188,1
17.2061068702,37.4427480916,-8.59541984733,-0.40576171875,-0.434814453125,-1.30786132812,1
-34.8091603053,90.1908396947,-12.679389313,0.0244140625,-0.13330078125,-0.62841796875,1
28.4122137405,-115.488549618,13.0076335878,-0.223388671875,-0.17919921875,-0.9794921875,1
33.0229007634,-14.8625954198,-1.95419847328,-0.488525390625,-0.569091796875,-1.47119140625,1
-29.7480916031,54.3282442748,-5.73282442748,-0.085205078125,-0.196044921875,-0.719482421875,1
-9.50381679389,-51.6030534351,3.41984732824,-0.27783203125,-0.2470703125,-1.1357421875,1
-11.7557251908,60.786259542,-9.99236641221,-0.352783203125,-0.385498046875,-1.205078125,1
-18.9389312977,12.1679389313,-4.70992366412,0.009033203125,-0.107666015625,-0.61083984375,1
51.213740458,-66.2671755725,18.2671755725,-0.320068359375,-0.4052734375,-1.26489257812,1
-25.8396946565,70.1755725191,-21.5190839695,-0.22509765625,-0.304931640625,-0.95703125,1
24.1374045802,-78.0839694656,32.9541984733,-0.146728515625,-0.218994140625,-0.712646484375,1
-5.65648854962,16.6564885496,-4.51908396947,-0.322509765625,-0.30859375,-1.25024414062,1
-29.6946564885,91.7709923664,-16.1526717557,-0.05859375,-0.197509765625,-0.6513671875,1
91.0916030534,-107.099236641,32.5038167939,-0.175048828125,-0.388427734375,-0.846435546875,1
2.9465648855,39.6259541985,4.5572519084,-0.323974609375,-0.451416015625,-1.13330078125,1
-24.4198473282,8.90839694656,2.78625954198,-0.111083984375,-0.1650390625,-0.64892578125,1
30.641221374,-47.641221374,13.4045801527,-0.33251953125,-0.35693359375,-1.05322265625,1
-14.7022900763,29.3358778626,-27.4503816794,-0.262939453125,-0.2939453125,-0.836669921875,1
-11.7709923664,-48.7175572519,7.32824427481,-0.369384765625,-0.205322265625,-1.04418945312,1
-21.6335877863,23.7786259542,-16.4427480916,-0.307373046875,-0.20751953125,-0.874755859375,1
13.1145038168,-43.4351145038,0.587786259542,-0.329345703125,-0.197509765625,-0.821533203125,1
-14.9236641221,41.7175572519,-16.5572519084,-0.266357421875,-0.226806640625,-0.89013671875,1
36.0992366412,-42.3358778626,-2.09923664122,-0.404296875,-0.3017578125,-1.01586914062,1
-3.01526717557,34.6717557252,-22.5877862595,-0.240234375,-0.25244140625,-0.87939453125,1
2.32824427481,-42.7480916031,10.1145038168,-0.26513671875,-0.216796875,-0.857177734375,1
-20.3129770992,41.3511450382,-14.6106870229,-0.222900390625,-0.190185546875,-0.873046875,1
-1.67175572519,-36.8702290076,-3.47328244275,-0.318115234375,-0.227294921875,-0.8828125,1
-14.1984732824,25.5648854962,-15.4961832061,-0.28955078125,-0.234619140625,-0.952880859375,1
-2.12977099237,-29.465648855,-3.58015267176,-0.3271484375,-0.204345703125,-0.84912109375,1
-9.2213740458,25.5572519084,-12.3282442748,-0.312255859375,-0.193603515625,-0.898681640625,1
6.90076335878,-10.8167938931,0.81679389313,-0.28857421875,-0.2021484375,-0.83349609375,1
6.95419847328,16.4732824427,-0.351145038168,-0.306396484375,-0.17724609375,-1.01513671875,1
-2.86259541985,-4.26717557252,-4.3893129771,-0.271484375,-0.203369140625,-0.77392578125,1
29.1832061069,11.9618320611,-4.84732824427,-0.271484375,-0.3232421875,-1.17163085938,1
5.0,24.5801526718,-1.87022900763,-0.206298828125,-0.201171875,-0.75732421875,1
38.1297709924,-55.0458015267,10.3816793893,-0.457763671875,-0.232421875,-0.8212890625,1
0.145038167939,25.2366412214,-2.95419847328,-0.23388671875,-0.205322265625,-0.739990234375,1
18.4045801527,-59.5190839695,5.14503816794,-0.382568359375,-0.191650390625,-0.975341796875,1
-0.473282442748,54.1603053435,-0.106870229008,-0.2587890625,-0.197021484375,-0.872802734375,1
8.88549618321,-55.106870229,-2.80152671756,-0.27978515625,-0.195556640625,-0.805419921875,1
-10.1221374046,37.6335877863,-10.1526717557,-0.297119140625,-0.21826171875,-0.984130859375,1
-250.13740458,-125.732824427,-27.7251908397,0.160888671875,-0.74853515625,-0.459228515625,2
-250.13740458,-103.916030534,-22.1221374046,0.0576171875,-0.367919921875,-0.649169921875,2
-250.13740458,-88.8320610687,-3.64885496183,0.027099609375,-0.238525390625,-0.591552734375,2
-250.13740458,-57.4427480916,-2.4427480916,0.037109375,-0.51025390625,-0.746337890625,2
-239.65648855,-60.2824427481,0.213740458015,-0.000244140625,-0.666015625,-0.656982421875,2
-250.13740458,-131.053435115,-27.7557251908,-0.183349609375,0.015869140625,-0.4990234375,2
-18.4198473282,171.847328244,22.2900763359,0.189453125,-1.46533203125,-0.66064453125,2
161.167938931,81.2442748092,-47.4580152672,-0.026611328125,-0.9150390625,-0.394287109375,2
177.786259542,-14.3816793893,-74.0076335878,-0.25830078125,-0.569091796875,-0.606201171875,2
242.312977099,-35.5190839695,-58.0763358779,-0.34912109375,-0.42138671875,-0.578125,2
154.358778626,-45.786259542,-39.4732824427,-0.24951171875,-0.3212890625,-0.78955078125,2
37.6335877863,-78.6106870229,-3.50381679389,-0.22802734375,-0.168701171875,-0.73681640625,2
32.8778625954,-45.9160305344,16.7175572519,-0.106689453125,-0.64892578125,-0.62841796875,2
-25.7022900763,-67.7099236641,24.5877862595,-0.210205078125,-0.60107421875,-0.69384765625,2
3.58015267176,-9.45038167939,-3.95419847328,-0.0791015625,-0.667236328125,-0.7412109375,2
-201.564885496,-27.5877862595,36.4122137405,-0.0830078125,-0.56494140625,-0.609130859375,2
-164.633587786,-61.8091603053,30.1450381679,-0.19384765625,-0.23583984375,-0.8095703125,2
-181.213740458,-55.5572519084,10.3664122137,0.0107421875,-0.656494140625,-0.97607421875,2
-250.13740458,-133.740458015,19.1984732824,-0.2294921875,-0.06591796875,-0.796142578125,2
-250.13740458,-98.8549618321,35.2824427481,-0.094482421875,-0.427001953125,-0.6640625,2
-250.13740458,-12.5496183206,50.8244274809,-0.051513671875,-0.49267578125,-0.888671875,2
-250.13740458,-22.8244274809,41.3969465649,0.169921875,-0.468505859375,-0.69482421875,2
-250.13740458,-35.7328244275,15.0687022901,-0.053466796875,-0.090576171875,-0.704833984375,2
-250.13740458,-51.7328244275,70.1450381679,-0.08642578125,-0.15234375,-0.65087890625,2
-250.13740458,-16.7099236641,81.1145038168,-0.0888671875,0.00830078125,-0.90283203125,2
-250.13740458,-65.0916030534,32.7709923664,-0.0458984375,-0.60498046875,-0.9775390625,2
-250.13740458,-102.786259542,30.4580152672,-0.1943359375,-0.197021484375,-0.87109375,2
-250.13740458,-135.297709924,-9.93893129771,-0.11181640625,-0.159423828125,-1.08032226562,2
-250.13740458,-137.389312977,-4.92366412214,-0.07080078125,0.127685546875,-0.897705078125,2
-250.13740458,-244.541984733,5.01526717557,-0.1240234375,0.5888671875,-0.421875,2
-106.259541985,-83.8244274809,14.0076335878,-0.244873046875,-0.200927734375,-1.01782226562,2
-250.13740458,-145.389312977,28.1984732824,-0.15771484375,0.006103515625,-0.853271484375,2
-240.763358779,-121.916030534,-8.02290076336,-0.3544921875,0.71240234375,-0.804443359375,2
-8.67938931298,-2.61832061069,47.1755725191,-0.39990234375,-0.284912109375,-0.73291015625,2
-68.9160305344,-35.6183206107,6.95419847328,-0.0068359375,-0.880126953125,-0.859619140625,2
-97.893129771,-113.671755725,-4.04580152672,-0.185302734375,-0.275634765625,-0.7880859375,2
228.687022901,-117.938931298,-12.1450381679,-0.16162109375,-0.43408203125,-0.44384765625,2
250.129770992,-72.9694656489,-81.7404580153,-0.32373046875,-0.812744140625,-0.193603515625,2
250.129770992,-52.4122137405,-110.534351145,-0.252685546875,-1.107421875,-0.221435546875,2
250.129770992,16.2671755725,-127.114503817,-0.10107421875,-1.65869140625,-0.279541015625,2
170.580152672,-80.0,-96.4427480916,-0.427490234375,-0.55322265625,-0.417236328125,2
250.129770992,-45.0839694656,-66.6030534351,-0.42236328125,-0.86962890625,-0.233642578125,2
250.129770992,-48.0534351145,-89.7709923664,-0.450439453125,-0.629638671875,-0.254638671875,2
225.290076336,-109.312977099,-65.9007633588,-0.4384765625,-0.6728515625,-0.1494140625,2
250.129770992,45.7709923664,-102.839694656,-0.095458984375,-1.3974609375,-0.2607421875,2
250.129770992,33.1374045802,-136.671755725,-0.24560546875,-1.263671875,-0.2890625,2
195.076335878,58.0916030534,-106.465648855,-0.1611328125,-1.11059570312,-0.496337890625,2
250.129770992,84.9160305344,-90.4580152672,-0.102783203125,-1.04858398438,-0.380859375,2
250.129770992,92.3664122137,-106.809160305,0.0859375,-0.863037109375,-0.43505859375,2
250.129770992,109.541984733,-72.0229007634,-0.17529296875,-1.51635742188,-0.45849609375,2
250.129770992,89.9923664122,-96.9541984733,-0.060546875,-1.54736328125,-0.3876953125,2
250.129770992,124.992366412,-65.9312977099,-0.135009765625,-1.43774414062,-0.36572265625,2
183.687022901,72.2977099237,-45.6641221374,-0.11572265625,-1.18505859375,-0.55078125,2
-11.9236641221,110.923664122,6.70992366412,0.02783203125,-0.377685546875,-0.515869140625,2
-250.13740458,118.335877863,42.2213740458,0.256591796875,-0.5859375,-0.30078125,2
-250.13740458,51.6946564885,37.6717557252,0.26416015625,-0.8662109375,-0.298583984375,2
-250.13740458,-54.0839694656,15.3969465649,0.195068359375,-0.855712890625,-0.754150390625,2
-178.610687023,-184.557251908,-18.7786259542,-0.217041015625,-0.478515625,-0.5947265625,2
150.404580153,-155.854961832,-2.31297709924,-0.074462890625,-0.838623046875,-0.23193359375,2
250.129770992,-98.0381679389,18.1145038168,-0.489501953125,-0.828369140625,-0.074462890625,2
94.0916030534,28.1679389313,-21.1526717557,-0.2314453125,-1.70922851562,-0.362548828125,2
77.3664122137,146.58778626,-5.32061068702,-0.09228515625,-1.10473632812,-0.449951171875,2
-55.5877862595,225.86259542,75.5954198473,0.489501953125,-1.15014648438,-0.776123046875,2
-250.13740458,-25.4732824427,13.6030534351,0.25732421875,-1.251953125,-0.560791015625,2
-250.13740458,-187.20610687,-41.0458015267,-0.22900390625,-0.0859375,-0.907470703125,2
-127.641221374,-216.374045802,-15.9007633588,-0.36767578125,-0.08544921875,-0.712646484375,2
-122.748091603,-115.20610687,6.67938931298,-0.313232421875,0.07763671875,-1.01635742188,2
-10.4198473282,-123.526717557,1.65648854962,-0.4345703125,-0.119873046875,-0.716552734375,2
250.129770992,-124.473282443,-41.2977099237,-0.2939453125,-1.16455078125,-0.162841796875,2
-54.0152671756,-55.5648854962,-100.534351145,-0.749267578125,0.211181640625,-0.767822265625,2
250.129770992,56.1984732824,-96.1603053435,0.008056640625,-1.19482421875,-0.612060546875,2
250.129770992,8.67175572519,-63.4885496183,-0.197265625,-0.887939453125,-0.382080078125,2
152.488549618,105.022900763,-36.6106870229,0.045654296875,-0.80029296875,-0.4765625,2
250.129770992,155.381679389,-43.427480916,0.179443359375,-1.71508789062,-0.405517578125,2
66.0229007634,103.709923664,-20.7557251908,0.0,-1.28344726562,-0.30810546875,2
240.786259542,0.618320610687,-92.5954198473,-0.1943359375,-1.68310546875,-0.039306640625,2
73.786259542,-33.1450381679,-50.5267175573,-0.060302734375,-0.6142578125,-0.430908203125,2
232.473282443,-29.4122137405,-107.977099237,0.0078125,-0.906005859375,-0.772216796875,2
211.488549618,-60.106870229,-84.7251908397,-0.105224609375,-0.8662109375,-0.591064453125,2
103.679389313,37.358778626,-25.1145038168,-0.099365234375,-1.03637695312,-0.58203125,2
250.129770992,112.511450382,-44.7480916031,-0.0029296875,-1.13012695312,-0.286865234375,2
233.923664122,191.786259542,-15.572519084,0.387939453125,-1.58837890625,-0.627685546875,2
-174.053435115,47.1984732824,25.0992366412,0.206787109375,-0.264404296875,-0.44140625,2
-70.0763358779,79.9541984733,23.2442748092,0.316650390625,-1.263671875,-0.557373046875,2
-63.3435114504,80.7938931298,26.5496183206,0.081787109375,-1.09692382812,-0.35546875,2
10.2290076336,122.106870229,35.9541984733,0.02197265625,-0.8466796875,-0.41796875,2
60.4045801527,110.34351145,-7.75572519084,0.192626953125,-1.10522460938,-0.408203125,2
-22.572519084,96.2671755725,-3.28244274809,0.27783203125,-1.39331054688,-0.42822265625,2
133.816793893,64.9618320611,-6.25190839695,0.171630859375,-1.03466796875,-0.40234375,2
-48.6564885496,56.5496183206,22.358778626,0.28955078125,-0.536376953125,-0.484619140625,2
105.374045802,132.694656489,19.1221374046,0.072265625,-0.654541015625,-0.410400390625,2
250.129770992,116.824427481,-2.30534351145,-0.02099609375,-1.166015625,-0.248779296875,2
84.6335877863,100.79389313,9.90839694656,0.364013671875,-1.61010742188,-0.569091796875,2
149.564885496,114.381679389,-0.63358778626,0.260986328125,-1.01196289062,-0.6357421875,2
207.41221374,93.534351145,-5.67938931298,0.041259765625,-0.985595703125,-0.412353515625,2
250.129770992,86.7328244275,-11.1450381679,0.124267578125,-0.768798828125,-0.509033203125,2
217.984732824,14.7633587786,-60.6183206107,0.153564453125,-0.814697265625,-0.634033203125,2
114.519083969,-59.0229007634,-29.1526717557,-0.264404296875,-0.42529296875,-0.685791015625,2
166.893129771,-49.786259542,-35.3740458015,-0.21826171875,-0.029541015625,-0.4853515625,2
250.129770992,41.0534351145,-97.8702290076,-0.29248046875,-0.668212890625,-0.468994140625,2
5.24427480916,-3.02290076336,-2.42748091603,-0.04345703125,-0.882080078125,-0.431640625,2
-2.5572519084,7.74045801527,-1.48854961832,-0.057861328125,-0.8662109375,-0.5048828125,2
-224.526717557,-105.916030534,-33.7709923664,-0.448486328125,1.06298828125,-1.08251953125,2
83.8167938931,-94.1603053435,-0.656488549618,-0.2197265625,-0.350341796875,-0.874267578125,2
250.129770992,-79.465648855,-56.8473282443,-0.189697265625,-1.01416015625,-0.3798828125,2
216.152671756,-81.1679389313,-83.5877862595,-0.655029296875,-0.76220703125,-0.3896484375,2
198.908396947,3.03816793893,-95.7175572519,-0.436767578125,-0.5078125,-0.711669921875,2
250.129770992,37.9923664122,-129.083969466,-0.2431640625,-1.16552734375,-0.460205078125,2
250.129770992,-2.96946564885,-109.694656489,-0.55078125,-1.05346679688,-0.482177734375,2
250.129770992,38.2061068702,-38.8473282443,-0.4248046875,-1.31811523438,-0.530029296875,2
132.580152672,-135.503816794,-53.465648855,-0.262451171875,-0.310791015625,-0.523193359375,2
79.1450381679,-77.1221374046,-41.7786259542,-0.17333984375,-0.49462890625,-0.966552734375,2
-248.610687023,-33.1450381679,16.0916030534,-0.224365234375,-0.25634765625,-0.909423828125,2
-250.13740458,158.961832061,88.6946564885,0.064697265625,-1.09008789062,-0.969970703125,2
-250.13740458,7.99236641221,55.7480916031,0.120361328125,-0.44140625,-0.77099609375,2
-250.13740458,-131.916030534,21.2213740458,0.04052734375,-0.463623046875,-0.733154296875,2
-193.320610687,-172.045801527,-0.984732824427,-0.313232421875,-0.1298828125,-0.887451171875,2
-250.13740458,-19.4809160305,61.0763358779,0.288330078125,-1.23461914062,-0.78955078125,2
-250.13740458,-66.1145038168,48.0839694656,-0.242431640625,0.136474609375,-0.72509765625,2
-250.13740458,-79.679389313,18.9083969466,-0.110107421875,-0.322509765625,-0.73388671875,2
-250.13740458,79.2595419847,97.2290076336,-0.103271484375,-0.552001953125,-0.67138671875,2
-117.053435115,111.687022901,64.572519084,-0.0703125,-0.899169921875,-0.455078125,2
-93.5801526718,117.786259542,60.8473282443,0.0869140625,-1.09130859375,-0.44482421875,2
-20.8625954198,154.312977099,35.0076335878,0.224365234375,-1.451171875,-0.523193359375,2
-107.145038168,113.396946565,45.3053435115,0.180419921875,-1.25903320312,-0.453369140625,2
43.3358778626,85.4503816794,-13.1755725191,-0.063232421875,-0.698974609375,-0.5947265625,2
231.129770992,101.435114504,-45.0992366412,-0.07958984375,-0.808349609375,-0.57666015625,2
209.053435115,93.106870229,-47.6870229008,-0.226806640625,-0.924560546875,-0.639892578125,2
250.129770992,122.870229008,-68.9694656489,-0.2353515625,-1.0400390625,-0.601318359375,2
146.824427481,170.786259542,23.6717557252,0.065673828125,-1.37622070312,-0.519287109375,2
115.564885496,128.297709924,19.5496183206,0.0322265625,-1.14501953125,-0.5517578125,2
245.549618321,143.229007634,4.03816793893,0.11572265625,-1.5087890625,-0.596923828125,2
168.778625954,97.1221374046,-22.7328244275,-0.189208984375,-1.47119140625,-0.299560546875,2
44.5877862595,212.030534351,89.3435114504,0.456298828125,-2.0,-0.501220703125,2
-250.13740458,95.8549618321,56.572519084,0.14453125,-0.454833984375,-0.35986328125,2
-250.13740458,52.9694656489,52.3816793893,0.36474609375,-0.66845703125,-0.145263671875,2
-250.13740458,112.595419847,57.2213740458,0.438232421875,-1.06079101562,-0.584716796875,2
-250.13740458,34.1908396947,6.82442748092,0.216552734375,-1.1162109375,-0.954345703125,2
-250.13740458,-6.09923664122,29.5190839695,-0.048828125,-0.05126953125,-0.570556640625,2
-250.13740458,66.1832061069,56.5419847328,0.223388671875,-0.685546875,-0.980712890625,2
-103.839694656,113.290076336,19.2671755725,-0.08740234375,-1.01416015625,-0.605712890625,2
4.83969465649,98.5954198473,30.8320610687,0.033447265625,-1.04077148438,-0.462158203125,2
106.167938931,161.786259542,-4.70229007634,0.275390625,-1.57080078125,-0.431884765625,2
-60.9160305344,160.58778626,67.2213740458,0.473388671875,-1.75268554688,-0.490966796875,2
11.0763358779,173.129770992,19.9618320611,0.335693359375,-2.0,-0.63623046875,2
-25.8015267176,115.511450382,15.0610687023,-0.07177734375,-0.947265625,-0.467529296875,2
-24.8320610687,135.450381679,7.83969465649,-0.161865234375,-0.667724609375,-0.39599609375,2
41.9160305344,133.832061069,35.534351145,0.09375,-0.999267578125,-0.7197265625,2
-106.259541985,132.969465649,76.5038167939,0.191162109375,-1.48779296875,-0.608642578125,2
-250.13740458,72.1679389313,37.7404580153,0.63671875,-1.18432617188,-0.368896484375,2
-79.8396946565,113.541984733,51.5267175573,0.123779296875,-1.68432617188,-0.627685546875,2
-221.732824427,181.351145038,92.786259542,0.463134765625,-1.97998046875,-0.435546875,2
-250.13740458,52.9083969466,39.6870229008,0.450439453125,-1.10400390625,-0.49267578125,2
-250.13740458,-19.1832061069,58.5877862595,0.459716796875,-1.28051757812,-0.625,2
-250.13740458,-99.6259541985,23.5267175573,-0.057373046875,-0.741455078125,-0.765380859375,2
-250.13740458,-215.175572519,-10.8625954198,-0.300048828125,-0.496337890625,-0.779541015625,2
-250.13740458,-226.625954198,-44.8778625954,-0.461669921875,0.298828125,-0.47314453125,2
16.3129770992,-149.564885496,-21.8396946565,-0.3720703125,0.141357421875,-0.5791015625,2
62.6946564885,-143.488549618,-31.1832061069,-0.555419921875,0.045166015625,-0.25830078125,2
-53.5267175573,-133.625954198,-26.5190839695,-0.302490234375,-0.464111328125,-0.60107421875,2
-250.13740458,-115.916030534,-10.2290076336,-0.078857421875,-0.451904296875,-0.8125,2
-250.13740458,-50.572519084,69.7251908397,-0.1826171875,-0.1640625,-1.08129882812,2
-198.801526718,26.6564885496,38.6641221374,-0.320068359375,-0.006591796875,-0.6416015625,2
-125.58778626,74.7022900763,65.8778625954,-0.167236328125,-0.6181640625,-0.811279296875,2
110.358778626,106.86259542,8.45801526718,-0.12109375,-1.181640625,-0.609619140625,2
215.13740458,86.8015267176,-55.0610687023,-0.0419921875,-0.8740234375,-0.551513671875,2
250.129770992,88.2595419847,-57.0534351145,0.0947265625,-0.76318359375,-0.649169921875,2
250.129770992,-1.51145038168,-127.06870229,-0.203125,-1.017578125,-0.3232421875,2
222.877862595,51.0763358779,-84.5267175573,-0.64208984375,-0.950927734375,-0.513916015625,2
114.671755725,154.114503817,-53.0992366412,0.286376953125,-1.28564453125,-0.844970703125,2
250.129770992,154.946564885,-93.7175572519,0.052734375,-1.6904296875,-0.537353515625,2
181.870229008,58.7175572519,-87.465648855,-0.25927734375,-0.488525390625,-0.38037109375,2
250.129770992,21.3893129771,-116.305343511,-0.38916015625,-0.784423828125,-0.185546875,2
250.129770992,-53.8167938931,-86.8625954198,-0.275390625,-0.8955078125,-0.069091796875,2
242.41221374,-61.2900763359,-86.8320610687,-0.26220703125,-0.680908203125,-0.57763671875,2
-206.763358779,-242.267175573,-37.2061068702,-0.408935546875,-0.1162109375,-0.749755859375,2
-14.8320610687,-154.893129771,-77.6946564885,-0.364013671875,0.01708984375,-0.677001953125,2
108.549618321,-156.732824427,-72.4732824427,-0.5068359375,-0.232177734375,-0.45556640625,2
9.28244274809,-134.885496183,-22.2061068702,-0.490234375,-0.2744140625,-0.7470703125,2
-26.5801526718,-29.8091603053,30.9007633588,-0.11279296875,-0.74609375,-0.73046875,2
-20.641221374,7.25954198473,-15.786259542,-0.132080078125,-0.5048828125,-0.67822265625,2
141.244274809,-14.4885496183,-42.2748091603,-0.37646484375,-0.244384765625,-0.9951171875,2
91.4427480916,-155.786259542,-66.893129771,0.052490234375,-1.1748046875,-0.9794921875,2
105.0,-203.977099237,-49.3511450382,-0.41064453125,-0.079833984375,-0.580078125,2
250.129770992,-177.145038168,-60.7251908397,-0.39990234375,-0.57373046875,-0.555419921875,2
0.00763358778626,-208.694656489,-21.6488549618,-0.41650390625,-0.6494140625,-0.728271484375,2
-114.129770992,-186.648854962,-33.8167938931,-0.22314453125,-0.625244140625,-0.80810546875,2
-144.0,-154.053435115,21.3893129771,-0.210693359375,-0.991943359375,-1.02661132812,2
-250.13740458,-75.7709923664,36.4122137405,-0.1318359375,-0.60400390625,-1.03344726562,2
-250.13740458,-29.2977099237,71.0839694656,-0.01806640625,-0.691162109375,-0.642578125,2
-250.13740458,-116.671755725,108.27480916,0.009033203125,0.0146484375,-0.19287109375,2
-250.13740458,10.1832061069,79.9007633588,-0.121337890625,-0.46240234375,-0.5048828125,2
-250.13740458,-21.1603053435,54.8396946565,-0.07763671875,-0.40625,-0.47119140625,2
-250.13740458,-12.2595419847,54.9541984733,0.181640625,-0.797119140625,-0.473876953125,2
-250.13740458,-2.64885496183,74.106870229,-0.0869140625,-0.217529296875,-0.45556640625,2
-250.13740458,89.4503816794,37.2671755725,0.29736328125,-0.563720703125,-0.292236328125,2
-111.801526718,123.65648855,36.5877862595,0.079833984375,-0.869873046875,-0.44775390625,2
-226.908396947,85.7328244275,47.1221374046,0.23828125,-0.681396484375,-0.365234375,2
31.6335877863,189.893129771,53.6183206107,-0.062255859375,-1.37158203125,-0.253173828125,2
-250.13740458,97.4885496183,45.8320610687,0.453125,-0.9306640625,-0.21240234375,2
4.32061068702,4.15267175573,-0.160305343511,0.649169921875,-0.56787109375,-0.571044921875,3
-1.04580152672,-12.9770992366,21.7480916031,0.6513671875,-0.58984375,-0.386474609375,3
132.152671756,-37.1297709924,37.0916030534,0.4990234375,-1.03784179688,-0.408935546875,3
28.1603053435,27.1221374046,-99.1450381679,0.468994140625,-1.01489257812,-0.672607421875,3
-92.2748091603,40.106870229,-70.0839694656,0.56640625,-0.435302734375,-0.052490234375,3
-69.786259542,-55.1450381679,58.5801526718,0.773681640625,-0.463623046875,-0.081298828125,3
58.7557251908,-96.6183206107,-10.2824427481,0.7255859375,-0.662109375,-0.547607421875,3
-8.34351145038,-0.946564885496,-87.1221374046,0.5595703125,-0.75341796875,-1.18774414062,3
-14.3664122137,74.7557251908,-13.9160305344,0.645751953125,-0.357421875,-0.55712890625,3
-66.5801526718,-27.9236641221,87.1603053435,0.7470703125,-0.205322265625,-0.056396484375,3
84.8778625954,-47.5496183206,89.7480916031,0.5302734375,-0.870849609375,-0.3974609375,3
51.4503816794,-27.4961832061,-43.7099236641,0.362548828125,-1.19873046875,-0.78662109375,3
-80.9847328244,48.641221374,-63.5877862595,0.536376953125,-0.724609375,-0.30078125,3
-19.3053435115,-47.9618320611,2.19847328244,0.595947265625,-0.45703125,-0.121337890625,3
-0.381679389313,-68.7022900763,80.9236641221,0.430419921875,-0.861572265625,-0.619384765625,3
83.8091603053,-74.7557251908,-28.6641221374,0.691162109375,-1.08984375,-0.885986328125,3
-42.6641221374,43.8473282443,-83.3893129771,0.519775390625,-0.656494140625,-0.45166015625,3
-71.8473282443,-3.48854961832,47.9847328244,0.62939453125,-0.31884765625,0.060302734375,3
72.7099236641,-99.1145038168,44.5648854962,0.387451171875,-0.99072265625,-0.260986328125,3
40.7022900763,-7.36641221374,-37.3664122137,0.3994140625,-0.990478515625,-0.7265625,3
-52.1679389313,31.5954198473,-34.4732824427,0.414306640625,-0.728515625,-0.322509765625,3
-48.2595419847,17.5190839695,18.427480916,0.74072265625,-0.813720703125,-0.3330078125,3
-86.4045801527,-36.1450381679,-172.557251908,0.730224609375,-0.46826171875,-0.387451171875,3
-1.48091603053,-25.7328244275,-155.122137405,0.4638671875,0.157470703125,-0.610595703125,3
-16.2366412214,-39.6183206107,-97.8549618321,-0.0693359375,0.5029296875,-0.650634765625,3
19.6717557252,-72.7557251908,-4.32824427481,-0.2529296875,0.618896484375,-0.9775390625,3
25.3129770992,9.46564885496,47.7709923664,0.261474609375,0.469482421875,-1.142578125,3
-7.38167938931,102.717557252,-42.1755725191,0.105712890625,0.385986328125,-0.905029296875,3
41.213740458,-12.786259542,2.75572519084,0.366455078125,0.66455078125,-0.447021484375,3
21.9007633588,-84.0763358779,12.7404580153,-0.279296875,0.51318359375,-0.9287109375,3
9.36641221374,-50.7938931298,38.213740458,-0.456298828125,0.27099609375,-1.38525390625,3
7.9465648855,103.984732824,6.11450381679,0.1767578125,0.21240234375,-0.9033203125,3
12.5114503817,75.9236641221,-48.4122137405,0.199951171875,0.4462890625,-0.593994140625,3
-20.7938931298,-110.687022901,15.6870229008,-0.526123046875,0.621337890625,-1.29565429688,3
21.2290076336,-20.8549618321,64.9389312977,-0.07568359375,0.274658203125,-1.48291015625,3
11.8778625954,128.221374046,-21.358778626,0.47607421875,-0.023193359375,-0.581787109375,3
24.2977099237,-99.0305343511,-45.8778625954,-0.07080078125,0.28125,-0.84423828125,3
-16.6030534351,-61.4503816794,47.1450381679,-0.026123046875,0.394775390625,-1.32055664062,3
35.7175572519,168.778625954,80.7938931298,0.06640625,0.3212890625,-0.838623046875,3
131.763358779,85.8320610687,78.534351145,0.90576171875,-0.1337890625,-0.472412109375,3
66.1526717557,27.2977099237,142.961832061,0.32763671875,-0.580322265625,-0.213623046875,3
188.916030534,-30.1526717557,33.7938931298,-0.04052734375,-1.3701171875,-0.291259765625,3
60.9923664122,-53.6183206107,-22.1755725191,0.15380859375,-1.16625976562,-0.479248046875,3
-46.9236641221,21.7022900763,-51.9160305344,0.12548828125,-0.931396484375,-0.142333984375,3
-75.4503816794,19.0458015267,10.5419847328,0.29150390625,-0.722412109375,-0.115966796875,3
27.4045801527,-14.3435114504,-21.3129770992,0.365234375,-1.00708007812,-0.27294921875,3
15.893129771,48.0076335878,-44.1374045802,0.47412109375,-0.99609375,-0.498046875,3
-103.801526718,-27.8625954198,-45.0992366412,0.636474609375,-0.700927734375,-0.208740234375,3
-37.213740458,-46.6183206107,-15.6870229008,0.643310546875,-0.14453125,-0.537353515625,3
170.778625954,9.04580152672,62.2366412214,0.63623046875,-0.527099609375,-0.66650390625,3
-17.4732824427,3.80916030534,-72.0381679389,0.410400390625,-0.64990234375,-0.552001953125,3
-64.4122137405,-3.13740458015,11.2366412214,0.670166015625,-0.494384765625,-0.368408203125,3
-5.35877862595,-30.1679389313,23.0,0.631591796875,-0.369140625,-0.629150390625,3
16.9923664122,-4.24427480916,-10.9465648855,0.561279296875,-0.67626953125,-1.04321289062,3
-41.786259542,64.465648855,-69.8549618321,0.545654296875,-0.42333984375,-0.651611328125,3
-33.0916030534,-18.465648855,39.8396946565,0.67578125,-0.12060546875,-0.376708984375,3
97.3740458015,-5.30534351145,70.641221374,1.06005859375,-0.6181640625,-0.611083984375,3
61.6870229008,-18.1297709924,-12.7786259542,0.482421875,-1.02954101562,-0.762451171875,3
-52.0839694656,37.8473282443,-75.1679389313,0.516357421875,-0.653564453125,-0.598388671875,3
-81.2213740458,7.6106870229,55.9083969466,0.6318359375,-0.18994140625,-0.298583984375,3
213.229007634,26.0610687023,113.908396947,0.537109375,-1.07861328125,-0.391357421875,3
24.2748091603,-22.9007633588,-53.0534351145,0.380126953125,-1.06494140625,-0.5234375,3
-62.893129771,21.1984732824,-69.0534351145,0.54541015625,-0.576904296875,-0.298095703125,3
-43.4427480916,-14.8625954198,39.7633587786,0.586181640625,-0.61181640625,-0.404052734375,3
78.6870229008,-43.5954198473,41.8244274809,0.443115234375,-0.815673828125,-0.355224609375,3
20.1145038168,28.4809160305,-115.129770992,0.467041015625,-1.03002929688,-0.405517578125,3
-148.816793893,-38.9007633588,8.68702290076,0.49267578125,-0.20947265625,-0.03759765625,3
166.221374046,-6.6641221374,70.4427480916,0.57470703125,-1.05981445312,-0.430419921875,3
64.0992366412,-9.24427480916,-4.08396946565,0.52099609375,-1.47314453125,-0.69677734375,3
-91.427480916,41.2748091603,-78.8320610687,0.48046875,-0.660888671875,-0.1767578125,3
-56.4503816794,-16.5496183206,56.9618320611,0.475830078125,-0.5361328125,-0.167236328125,3
15.7022900763,-53.8625954198,-1.48091603053,0.56103515625,-0.650390625,-0.34619140625,3
44.9847328244,-30.5114503817,-108.045801527,0.82421875,-1.13696289062,-0.61767578125,3
-89.4351145038,-13.427480916,12.106870229,0.41845703125,-0.374267578125,-0.2646484375,3
30.6946564885,-9.3893129771,40.0687022901,0.5693359375,-0.70361328125,-0.429443359375,3
22.8549618321,-47.4580152672,18.1221374046,0.283447265625,-0.6884765625,-0.25537109375,3
92.7633587786,29.9847328244,-100.938931298,0.5302734375,-1.07153320312,-0.40234375,3
-128.358778626,5.97709923664,-35.5419847328,0.590087890625,-0.796630859375,0.136474609375,3
-12.6335877863,-37.6946564885,65.1984732824,0.462646484375,-0.443115234375,-0.518310546875,3
250.129770992,-1.13740458015,84.5496183206,0.817626953125,-2.0,0.003662109375,3
28.0305343511,7.56488549618,-118.160305344,0.269775390625,-0.80029296875,-0.307861328125,3
-80.9923664122,-28.0992366412,-54.3358778626,0.70703125,-0.762451171875,-0.250244140625,3
-76.1679389313,-81.3129770992,21.8702290076,0.392578125,-0.047607421875,-0.32421875,3
229.038167939,13.4198473282,79.5572519084,0.730224609375,-1.25341796875,-0.06787109375,3
216.610687023,-4.16030534351,-153.824427481,0.580078125,-1.4619140625,-0.2568359375,3
-43.6946564885,-31.2213740458,-93.6030534351,0.587646484375,0.03515625,0.420654296875,3
-207.938931298,-77.0763358779,-28.6564885496,0.857666015625,-0.528564453125,-0.097412109375,3
-186.65648855,-2.07633587786,40.6488549618,0.95166015625,-0.41162109375,-0.812744140625,3
23.6259541985,-42.786259542,-8.56488549618,0.714111328125,-0.323486328125,-0.51123046875,3
145.297709924,-11.3129770992,-10.8702290076,0.6943359375,-1.24780273438,-1.07202148438,3
-63.0839694656,10.8473282443,-88.1984732824,0.509033203125,-0.427734375,-0.36962890625,3
-118.145038168,-35.4732824427,23.1297709924,0.985595703125,0.156982421875,-0.477294921875,3
69.6488549618,-53.641221374,-71.3282442748,0.866943359375,-0.190673828125,-0.513671875,3
35.0839694656,-101.374045802,13.0992366412,0.056884765625,-0.379638671875,-0.9814453125,3
19.8473282443,7.13740458015,-66.5190839695,0.06640625,-0.214599609375,-1.22900390625,3
-24.0152671756,28.9541984733,22.6183206107,0.503173828125,0.0673828125,-0.492919921875,3
23.679389313,-11.5877862595,32.9160305344,0.19580078125,-0.752685546875,-1.66235351562,3
-49.8244274809,16.8320610687,-25.0763358779,0.56982421875,-0.082275390625,-0.6904296875,3
59.641221374,-31.5419847328,11.9160305344,0.3095703125,-0.259765625,-1.0908203125,3
-82.0610687023,12.2061068702,24.3969465649,0.45458984375,-0.4228515625,-0.967529296875,3
6.37404580153,-7.36641221374,-0.374045801527,0.6591796875,-0.327880859375,-0.737060546875,3
-9.72519083969,-25.0076335878,25.4427480916,0.558837890625,-0.22509765625,-0.630126953125,3
79.1908396947,-39.7099236641,71.1755725191,0.361083984375,-1.00341796875,-0.367431640625,3
53.1221374046,-17.3664122137,-38.6335877863,0.3037109375,-1.23901367188,-0.9248046875,3
-92.8702290076,63.4122137405,-102.847328244,0.467529296875,-0.67578125,-0.431884765625,3
-36.5267175573,-52.6717557252,71.6717557252,0.604736328125,-0.559326171875,-0.289794921875,3
62.7786259542,-56.0381679389,99.2061068702,0.567138671875,-0.749755859375,-0.389892578125,3
69.0381679389,-24.3816793893,-94.3511450382,0.509033203125,-1.13720703125,-0.646484375,3
-136.801526718,3.21374045802,-24.3664122137,0.501220703125,-0.4873046875,-0.352783203125,3
-3.40458015267,15.8702290076,73.9541984733,0.68896484375,-0.552978515625,-0.210205078125,3
54.2290076336,-59.9083969466,48.5801526718,0.677978515625,-0.7685546875,-0.146240234375,3
40.4961832061,-63.1526717557,-9.6641221374,0.339599609375,-1.14575195312,-0.79248046875,3
-59.3435114504,71.7633587786,-52.3282442748,0.037109375,-0.81396484375,-0.189208984375,3
-48.8854961832,-11.213740458,58.9083969466,0.590576171875,-0.776123046875,-0.0673828125,3
53.213740458,-78.213740458,-8.73282442748,0.137939453125,-0.99169921875,-0.332275390625,3
45.0916030534,11.5267175573,-75.106870229,0.341064453125,-1.06567382812,-0.57568359375,3
-82.0763358779,3.9465648855,-62.4732824427,0.796630859375,-0.858642578125,-0.07568359375,3
-86.0610687023,-98.8473282443,-134.450381679,0.854248046875,-0.1552734375,-0.1953125,3
-79.9312977099,-103.541984733,-101.847328244,0.15576171875,0.15869140625,-0.806396484375,3
-85.6717557252,-45.9541984733,1.47328244275,0.1845703125,0.615234375,-1.1923828125,3
0.748091603053,61.6259541985,-2.87022900763,0.278564453125,0.1748046875,-1.39697265625,3
55.0763358779,46.1221374046,-86.786259542,0.400634765625,0.318115234375,-0.6494140625,3
28.3282442748,-67.0687022901,1.34351145038,0.025390625,0.321533203125,-0.874755859375,3
-27.1984732824,-64.6870229008,4.01526717557,0.08642578125,0.609375,-1.53588867188,3
19.8702290076,110.687022901,-23.2748091603,0.068603515625,0.28662109375,-0.62890625,3
38.0534351145,-47.5496183206,-34.6259541985,-0.11572265625,0.54541015625,-0.76611328125,3
9.45801526718,-94.6259541985,46.5038167939,-0.158203125,0.515625,-0.956787109375,3
10.5954198473,107.625954198,22.0610687023,-0.093994140625,0.292236328125,-1.0888671875,3
58.6870229008,70.9923664122,-15.2442748092,0.31884765625,0.262451171875,-0.697509765625,3
-52.4122137405,-50.2748091603,2.5572519084,0.2607421875,0.530029296875,-0.732421875,3
14.8015267176,-98.7251908397,27.5648854962,-0.06201171875,0.526611328125,-1.21826171875,3
90.572519084,86.4122137405,118.694656489,-0.041015625,0.472412109375,-0.919677734375,3
70.1679389313,71.2061068702,109.496183206,0.42138671875,-0.268310546875,-0.60107421875,3
135.404580153,42.9618320611,105.603053435,0.384521484375,-0.81201171875,-0.613037109375,3
-42.7404580153,-30.2977099237,37.572519084,0.3486328125,-0.71533203125,-0.568603515625,3
14.7022900763,38.8015267176,-95.9847328244,0.409912109375,-1.14990234375,-0.671875,3
-185.030534351,41.1450381679,-24.6259541985,0.560302734375,-0.265380859375,-0.1123046875,3
4.26717557252,-28.8778625954,99.2748091603,0.377685546875,-0.695068359375,-0.62158203125,3
170.732824427,-62.5648854962,33.1679389313,0.4052734375,-1.4697265625,-0.4599609375,3
-11.8167938931,-14.5496183206,-114.572519084,0.28857421875,-0.98828125,-0.537841796875,3
-109.083969466,13.320610687,-48.9923664122,0.540283203125,-0.641845703125,-0.330078125,3
-38.2213740458,-15.2977099237,52.8015267176,0.5810546875,-0.61962890625,-0.408447265625,3
151.465648855,-71.6030534351,80.7938931298,0.3515625,-0.713623046875,-0.368408203125,3
44.7175572519,-18.0152671756,-24.5877862595,0.245361328125,-1.3818359375,-0.316162109375,3
-97.3893129771,-6.96946564885,-128.503816794,0.37646484375,-0.728759765625,-0.164794921875,3
-88.5877862595,-23.0839694656,15.8244274809,0.59130859375,-0.369384765625,-0.353759765625,3
89.9465648855,-32.0305343511,70.6030534351,0.525146484375,-0.56591796875,-0.270751953125,3
-41.3816793893,-23.7633587786,-41.7709923664,0.3193359375,-1.23876953125,-0.57177734375,3
-66.9618320611,8.0534351145,-77.3282442748,0.457763671875,-0.691650390625,-0.46240234375,3
-58.5190839695,-12.3358778626,38.3816793893,0.6083984375,-0.319580078125,-0.3427734375,3
175.625954198,-9.74809160305,61.1297709924,0.572998046875,-0.585693359375,-0.257568359375,3
-15.5496183206,1.90076335878,-115.297709924,0.533935546875,-0.75634765625,-0.672119140625,3
-109.015267176,-0.358778625954,7.73282442748,0.595458984375,-0.21875,-0.1591796875,3
34.5114503817,-11.5419847328,34.0152671756,0.463623046875,-0.603271484375,-0.461669921875,3
43.2442748092,-10.1679389313,-4.00763358779,0.4833984375,-1.02856445312,-0.706298828125,3
-43.5267175573,48.465648855,-81.1755725191,0.560791015625,-0.8203125,-0.455810546875,3
-127.79389313,-20.9541984733,-13.4351145038,0.6591796875,-0.299560546875,-0.120361328125,3
18.3129770992,-47.7480916031,53.9694656489,0.415283203125,-0.41748046875,-0.610107421875,3
200.564885496,-8.57251908397,136.450381679,0.4951171875,-1.31420898438,-0.580322265625,3
0.152671755725,2.41221374046,-95.0458015267,0.33837890625,-0.989013671875,-0.222412109375,3
-138.450381679,-24.2061068702,-75.7404580153,0.6494140625,-0.656982421875,-0.338134765625,3
9.64122137405,-50.8473282443,24.9618320611,0.53955078125,-0.29296875,-0.5732421875,3
79.2442748092,-45.9083969466,41.1755725191,0.437744140625,-1.05346679688,-0.65478515625,3
-22.2442748092,14.4198473282,-90.9389312977,0.52001953125,-0.867919921875,-0.458740234375,3
-69.5648854962,-33.1450381679,-51.1221374046,0.771728515625,-0.622314453125,-0.087646484375,3
43.0839694656,-81.9770992366,-80.0229007634,0.73193359375,-0.534912109375,-0.593994140625,3
-129.86259542,-143.954198473,-79.3511450382,-0.146240234375,0.09716796875,-0.82861328125,3
-30.679389313,-71.1297709924,-1.17557251908,0.149658203125,0.618408203125,-1.16284179688,3
64.0992366412,143.877862595,34.6183206107,0.34375,0.494384765625,-0.73876953125,3
52.2595419847,-49.4503816794,15.0534351145,0.412109375,-0.08349609375,-0.796142578125,3
-39.8549618321,17.4045801527,0.0839694656489,0.636962890625,0.056884765625,-0.97119140625,3
-9.76335877863,-34.3129770992,-2.4427480916,0.343505859375,-0.204833984375,-0.863525390625,3
39.2671755725,28.9236641221,-38.9847328244,0.497314453125,0.135986328125,-1.11059570312,3
37.0992366412,-6.74809160305,-9.16030534351,0.373291015625,0.577392578125,-0.728515625,3
51.0839694656,-36.6335877863,137.671755725,0.680908203125,-0.412109375,-0.9755859375,3
2.91603053435,-25.6259541985,-1.07633587786,0.67919921875,0.0869140625,-0.776123046875,3
83.9236641221,-12.1221374046,-42.572519084,0.5478515625,0.16455078125,-0.849365234375,3
-62.8015267176,-124.145038168,-15.0534351145,-0.253173828125,0.6728515625,-0.64794921875,3
-34.1984732824,83.641221374,8.0,-0.2314453125,0.314697265625,-1.21948242188,3
22.9618320611,31.8702290076,-61.2061068702,0.191162109375,0.701904296875,-0.25146484375,3
65.641221374,-96.6335877863,38.1145038168,-0.6376953125,0.449951171875,-1.046875,3
4.70229007634,88.5267175573,65.6946564885,0.0673828125,0.576416015625,-1.2548828125,3
43.2900763359,-14.7938931298,-26.0381679389,0.091796875,0.3056640625,-0.55224609375,3
110.091603053,-23.9694656489,21.6335877863,-0.284423828125,0.220458984375,-0.97900390625,3
84.0229007634,68.0,32.9618320611,0.107421875,-0.001708984375,-1.31884765625,3
-32.3435114504,69.8625954198,49.2824427481,0.44580078125,-0.0224609375,-0.541259765625,3
61.3053435115,-60.6259541985,75.7404580153,0.027099609375,-0.6435546875,-0.84228515625,3
47.2519083969,10.4732824427,-11.9083969466,0.38330078125,-0.678466796875,-1.03173828125,3
-28.5801526718,123.458015267,10.9923664122,0.303466796875,-0.415771484375,-0.63720703125,3
63.8167938931,-77.6488549618,42.3969465649,-0.013916015625,-1.1611328125,-0.5322265625,3
79.4580152672,15.7022900763,-17.9465648855,0.239013671875,-0.930908203125,-0.872314453125,3
-48.2595419847,50.358778626,-56.6564885496,0.31884765625,-0.800048828125,-0.477783203125,3
-35.8320610687,2.17557251908,85.427480916,0.158447265625,-0.367431640625,-0.582763671875,3
45.0763358779,20.4427480916,42.0229007634,0.286376953125,-0.8857421875,-0.40576171875,3
-85.7099236641,-8.3358778626,-215.717557252,0.783203125,-1.18701171875,-0.385009765625,3
-144.358778626,-84.9770992366,-172.41221374,0.20166015625,0.266357421875,-0.43017578125,3
25.893129771,-92.8625954198,-34.2519083969,-0.52099609375,0.657470703125,-0.83447265625,3
-18.1679389313,-46.1297709924,14.6183206107,-0.24755859375,0.35205078125,-1.3408203125,3
67.6870229008,138.748091603,13.9389312977,0.116943359375,0.13916015625,-0.65087890625,3
4.32061068702,-56.8702290076,-50.3969465649,-0.135498046875,0.53564453125,-1.04931640625,3
